category,description,item_type,uom,unit_cost,sample_count
"Air Conditioning, Mechanical Services",Daikin Inverter 3 phase Reverse Cycle Ducted Air Conditioner supplied and installed as per Cruice Bros quote 1869,Mat,Allowance,8890.0,1
"Air Conditioning, Mechanical Services",Removal of outdoor split system,Mat,Allowance,180.0,1
Air-conditioning,Allowance,Lab,PS,20000.0,1
"Alfresco Tiling, Stone wall feature","Floor tiling, change from French Lay to Brick bond pattern for all areas except the front porch and front path",Lab,m2,20.0,1
"Alfresco Tiling, Stone wall feature","Labour to lay tiles, French Pattern 12mm Travertine",Sub,m2,8337.0,1
"Alfresco Tiling, Stone wall feature",Pool stone feature  wall allowance originally included,Mat,Allowance,3828.0,1
"Alfresco Tiling, Stone wall feature",Supply and install natural stone wall cladding to pool wall,Sub,ea,3828.0,1
Aluminium Shutters,Cost to remake guardian shutters due to design change.,Sub,Allowance,1543.18,1
Aluminium Shutters,Ensuite W01. Guardian Aluminium Plantation Shutters Standard colour,Sub,each,4174.0,1
Aluminium Shutters,Sunroom W12. Guardian Aluminium Plantation Shutters Standard colour,Sub,each,3763.0,1
Aluminium Shutters,Sunroom W13. Guardian Aluminium Plantation Shutters Standard colour,Sub,each,5225.0,1
Aluminium Shutters,Sunroom W14. Guardian Aluminium Plantation Shutters Standard colour,Sub,each,7154.54,1
Aluminium Shutters,Veranda door at the top of the back stair on to the deck. Guardian Aluminium Plantation Shutters Standard colour,Sub,each,2965.0,1
Aluminium Shutters,Veranda fixed louvre panels on the back deck. Guardian Aluminium Plantation Shutters Standard colour,Sub,each,4740.0,1
Appliances,Appliance allowance (see spreadsheet),Mat,PC,14000.0,1
Asbestos removal,Asbestos removal in the upstairs main bathroom ceiling,Mat,Allowance,770.0,1
Asbestos removal,Clearance Certificate by an independent company for a competent Asbestos Assessor for the appropriate class of asbestos removal work in accordance with WHS regulations S.473.,Sub,Allowance,310.0,1
Asbestos removal,"Mobilisation Fee. Includes travel to site & site set up, Preparation of SWMS, ARCP, WHS Form 65, neighbours notification, PPE, consumables, Waste transport, disposal fees & Environmental Levy.",Sub,Allowance,750.0,1
Asbestos removal,"Remove Asbestos internal ceiling linings with batt insulation, and gyprock sheeting to the upstairs dining/kitchen area, including all cornice, trims etc. attached to the sheeting material.",Sub,Allowance,2150.0,1
Asbestos removal,"Remove Asbestos internal wall linings and ceilings to the downstairs old toilet area next to the bar area, external sheeting to the same area and along the right hand side rumpus room, infill panels to the rumpus room ceiling (laundry side) and soffit she",Sub,each,1870.0,1
Asbestos removal,"Remove Asbestos internal wall linings to the upstairs hallway leading into the main bathroom, including all cornice, trims etc. attached to the sheeting material.",Sub,Allowance,520.0,1
Asbestos removal,"Remove bonded Asbestos walls, ceiling with batt insulation, flooring and compressed flooring underlay to the upstairs main bathroom and toilet, including all trims, fixtures/fittings not being saved (full gut).",Sub,Allowance,2850.0,1
Asbestos removal,"Remove bonded Asbestos walls, flooring to the ensuite, including all trims, fixtures/fittings not being saved (full gut).",Sub,Allowance,1650.0,1
"Balustrade, Fret Work, Battening, Gates & External Stairs",Fixing and Consumables,Mat,ea,83.84,1
"Balustrade, Fret Work, Battening, Gates & External Stairs",Install external timber stairs with newel posts as per specifications,Lab,Hour,68.33,1
"Balustrade, Fret Work, Battening, Gates & External Stairs",Material Delivery Charge,Mat,Allowance,180.0,1
"Balustrade, Fret Work, Battening, Gates & External Stairs",Supply and install 2x gates to undercroft,MatLab,ea,105.93,1
"Balustrade, Fret Work, Battening, Gates & External Stairs",Supply and install new Valance to courtyard and entry,MatLab,lm,58.0,1
"Balustrade, Fret Work, Battening, Gates & External Stairs",Supply and install new full height screening to courtyard and entry.,MatLab,lm,330.75,1
"Balustrade, Fret Work, Battening, Gates & External Stairs",Supply and install timber balustrade to rear deck as per specifications,MatLab,lm,79.58,1
"Balustrade, Fret Work, Battening, Gates & External Stairs",Supply and install timber batten screening around undercroft as per architects notes. Using 90 x 18mm LOSP Pine. Flat finish as per discussion with clients,MatLab,lm,139.86,1
"Balustrade, Fret Work, Battening, Gates & External Stairs","Supply and install timber valance to West, South and East elevation as per specifications",MatLab,lm,105.58,1
"Balustrade, Fret Work, Battening, Gates & External Stairs",Supply materials for external timber stairs with newel posts as per specifications,Mat,Allowance,285.4,1
"Balustrade, Fret Work, Battening, Gates & External Stairs",Undercoat Hardwood Timber,Lab,ea,46.43,1
"Balustrade, Fret work, Battening and Gates","1 x metal framed gate with timber batten to north end of open store with 1 x barrel bolt, 1 x metal framed gate with timber batten to south end of open store with 1 x barrel bolt",MatLab,each,59.12,1
"Balustrade, Fret work, Battening and Gates",140 x 42mm handrail to back deck,MatLab,lm,77.3,1
"Balustrade, Fret work, Battening and Gates",2 x metal framed gates with timber batten to gas store 1 x barrel bolt to each gate,MatLab,each,126.11,1
"Balustrade, Fret work, Battening and Gates","BALUSTRADE, SCREENING AND FRETWORK TIMBERS",Mat,Ea,1849.11,1
"Balustrade, Fret work, Battening and Gates",Exiting timber screening and painting allowance,Mat,lm,191.29,1
"Balustrade, Fret work, Battening and Gates","External balustrade front with Kwila laminated 90 x 90 posts,",MatLab,lm,63.24,1
"Balustrade, Fret work, Battening and Gates",External balustrade rear,MatLab,lm,62.54,1
"Balustrade, Fret work, Battening and Gates",External fretwork,MatLab,lm,59.32,1
"Balustrade, Fret work, Battening and Gates",External timber battening,MatLab,lm,56.67,1
"Balustrade, Fret work, Battening and Gates",Supply and install Aluminium screen across the front of House in Pearl white,Sub,Allowance,4935.0,1
Blocklayer,20MPa Core fill Mix Concrete,Mat,m3,799.93,1
Blocklayer,BLOCK SET OUT,Lab,ea,65.0,1
Blocklayer,Labour to Core Fill Concrete,Lab,Hour,65.0,1
Blocklayer,Line pump for core filling Blocks walls,Mat,Ea,707.8,1
Blocklayer,"Masonry Blocks, supply and install, core fill retaining wall",Sub,m2,140.56,1
Blocklayer,"Masonry Blocks, supply, install,  retaining walls and front fence",Sub,m2,172.64,1
Blocklayer,"Masonry Blocks, supply, install, for tank plinth approximately 3m wide  x 1.4m wide x .4m high",Mat,m2,112.52,1
Blocklayer,"Supply and install, Besser Block infill instead of aluminium, wing walls and core filled",Mat,m2,574.89,1
Blockwork - Retaining,15mm Foam Cavity Filler's - 2m lengths,Mat,each,5.5,1
Blockwork - Retaining,200 Series - 20.01  Standard,Mat,each,3.74,1
Blockwork - Retaining,200 Series - 20.01  Standard (Cnr),Mat,each,3.74,1
Blockwork - Retaining,200 Series - 20.09  Control Joint Full,Mat,each,7.61,1
Blockwork - Retaining,200 Series - 20.10  Control Joint 1/2,Mat,each,7.61,1
Blockwork - Retaining,200 Series - 20.45  Clean Out Block,Mat,each,4.03,1
Blockwork - Retaining,200 Series - 20.48  H Block,Mat,each,3.81,1
Blockwork - Retaining,200 Series - 50.45a Tile Biscuit & Spring,Mat,each,3.23,1
Blockwork - Retaining,20mm Drainage Gravel - Accessories - Gravel 20mm (300mm width),Mat,m3,100.0,1
Blockwork - Retaining,Accessories - Agi Pipe Slotted  100mm x 20m  Socked,Mat,20m Roll,119.0,1
Blockwork - Retaining,Concrete Pump - Minimum Charge,Mat,each,1500.0,2
Blockwork - Retaining,Core Flute 1200 x 1800mm,Mat,each,14.85,1
Blockwork - Retaining,Corner Bars - N12  600 x 600 - 90 deg.,Mat,each,4.2,1
Blockwork - Retaining,Geotext Fabric,Lab,m2,1.32,1
Blockwork - Retaining,Gravel - Delivery - Steel Reo. Zone 1,Mat,each,132.0,1
Blockwork - Retaining,Grey Base - Blockfill 10/25 Mpa,Mat,m3,167.1,1
Blockwork - Retaining,Horizontal - Deformed Bar - N12 x 6000mm (Straight),Mat,each,15.55,1
Blockwork - Retaining,Sealant - Sika-Flex Pro Multipurpose (Grey),Mat,310ml,15.3,1
Blockwork - Retaining,Supply & Apply - Sealer,Lab,20 Ltr,120.0,1
Blockwork - Retaining,Vertical - Deformed Bar - N12 x 6000mm (Straight),Mat,each,15.55,1
Bored Piers - Concrete Footings,Delivery - Truck Standby Time,Mat,hr,120.0,1
Bored Piers - Concrete Footings,Footings - Concrete - Grey Base - 20/25 Mpa - Zone 1,Mat,m3,267.3,1
Cabinetry & Bench Tops,Bathroom Joinery - Quality,Lab,Lm,2200.0,1
Cabinetry & Bench Tops,Joinery - Fireplace - seat,Lab,Lm,1500.0,1
Cabinetry & Bench Tops,Kitchen - Quality,Lab,Lm,5400.0,1
Cabinetry & Bench Tops,Linen/Storage fitout (basic shelving only - Doors elsewhere),Lab,Lm,660.0,1
Cabinetry & Bench Tops,Outdoor Kitchen and benches,Lab,Lm,3000.0,1
Cabinetry & Bench Tops,Robes fitout (basic shelving and rail only - Doors elsewhere),Lab,Lm,660.0,1
Cabinetry & Bench Tops,Study Joinery,Lab,Lm,3080.0,1
Cabinetry & Bench Tops,Walk-in Joinery -  Medium level Joinery,Lab,Lm,2400.0,1
Carpet,Supply and Install Carpet,Lab,m2,120.0,1
"Clothes Lines, Mailbox, Pegboard, shelving, bench top","Carpentry to set out, build and install two Y frame clothes line posts and install stainless 7 x steel wires",Mat,Hour,58.67,1
"Clothes Lines, Mailbox, Pegboard, shelving, bench top",Clients to supply letterbox & Numerals,Mat,Ea,150.0,1
"Clothes Lines, Mailbox, Pegboard, shelving, bench top",Concrete,Mat,Allowance,23.91,1
"Clothes Lines, Mailbox, Pegboard, shelving, bench top",Deliveries,Mat,Allowance,65.0,1
"Clothes Lines, Mailbox, Pegboard, shelving, bench top",Excavate post footings and spread soil on site .45m x .45m x .7m,Mat,Hour,65.0,1
"Clothes Lines, Mailbox, Pegboard, shelving, bench top","Install rubber floor tiles in gym, supplied by client",Lab,ea,45.0,1
"Clothes Lines, Mailbox, Pegboard, shelving, bench top","Install rubber floor tiles in gym, supplied by client. Actual",Lab,Allowance,270.0,1
"Clothes Lines, Mailbox, Pegboard, shelving, bench top","Install rubber floor tiles in gym, supplied by client. Estimated",Lab,Allowance,120.0,1
"Clothes Lines, Mailbox, Pegboard, shelving, bench top","Paint materials and labour to gap fill and bog holes, 2 coats oil primer, 2 coats Weathershield",Mat,Allowance,23.91,1
"Clothes Lines, Mailbox, Pegboard, shelving, bench top",Stainless steel wire and buckles,Mat,Allowance,138.0,1
"Clothes Lines, Mailbox, Pegboard, shelving, bench top","Supply and install workshop peg board, shelving and bench as specified",MatLab,ea,107.85,1
"Clothes Lines, Mailbox, Pegboard, shelving, bench top","Supply and install workshop peg board, shelving and bench. Actual",MatLab,Allowance,1854.88,1
"Clothes Lines, Mailbox, Pegboard, shelving, bench top","Supply and install workshop peg board, shelving and bench. Estimated",MatLab,Allowance,700.0,1
"Clothes Lines, Mailbox, Pegboard, shelving, bench top",Supply letterbox & Numerals,Mat,Ea,150.0,2
"Clothes Lines, Mailbox, Pegboard, shelving, bench top",Timber Post material,Mat,5.4mm Length,63.48,1
Concrete Slab & Footings,Able-Flex - Foamjoint 10 x 200mm x 25m (Sticky Back),Mat,each,42.0,1
Concrete Slab & Footings,Chemical Anchors - Chemset 101 Injection with Nozzle Tap  (Twin Pack),Mat,2 x 400ml,52.6,1
Concrete Slab & Footings,Concretor Labour - Day Rate (Premium),Lab,day,880.0,1
Concrete Slab & Footings,Crusher Dust - Gravel - Crusher Dust  - Brown,Mat,m3,70.4,1
Concrete Slab & Footings,Deformed Bar - N12 x 6000mm (Straight),Mat,each,15.55,1
Concrete Slab & Footings,Delivery - Landscape Yard,Mat,each,79.2,1
Concrete Slab & Footings,Dowells - R16 x 600mm,Mat,each,6.34,1
Concrete Slab & Footings,Fabric Mesh - SL82  2400 x 6000,Mat,each,162.0,1
Concrete Slab & Footings,PVC Tape - 50mm x 30mtr Grey Roll,Mat,each,5.1,1
Concrete Slab & Footings,Plastic Membrane - 200um 4m x 50m = 200m2 Roll (Black),Mat,each,144.4,1
Concrete Slab & Footings,Slab and thickenings - Concrete - Grey Base - 25MPa  Generic Exposed,Mat,m3,323.3,1
Concrete Slab & Footings,Sundry Materials,Mat,each,330.0,1
Concrete Slab & Footings,Tie Wire - Coil Black 1.6mm x 5kg,Mat,each,60.0,1
Concrete Works,Alfresco slab and stairs,MatLab,m2,117.33,1
Concrete Works,Carpentry labour,MatLab,Allowance,75.0,1
Concrete Works,Concrete pump - Boom or Line pump,Sub,Ea,905.0,1
Concrete Works,Concrete supply and deliver,Mat,m3,140.91,2
Concrete Works,"Extra steel reinforcement and concrete in Alfresco slab thickening beams, supply and install",Mat,Ea,714.45,1
Concrete Works,"Front stairs, pathway and front fence footing. Garage stair to come out at carport slab height one step to absorb storm water pipe that will run along the face of the carport",MatLab,m2,89.15,1
Concrete Works,Kayne Concrete labour SLAB POUR,Lab,Ea,700.0,1
Concrete Works,"Post Pads and footings footings,",MatLab,ea,111.32,1
Concrete Works,Post Pads inc labour & materials,Lab,each,388.36,1
Concrete Works,Prepare and install tank plinth slab,Mat,m2,84.32,1
Concrete Works,"S1 Slabs on ground, place and finish, including sand, plastic, chairs,  steel, & labour, as per engineering",MatLab,m2,168.73,1
Concrete Works,"S2 Slabs on ground, place and finish, including sand, plastic, chairs,  steel, & labour, as per engineering",MatLab,m2,74.49,1
Concrete Works,Slab for gas bottles to sit on,Mat,m2,72.01,1
Concrete Works,"Slab on ground, place and finish, including sand, plastic, chairs,  steel, & labour",MatLab,m2,128.36,1
Concrete Works,"Stairs, Formed concrete",MatLab,each,101.18,1
Concrete Works,"Strip footings SF1, RW1 as per engineering detail, labour & materials",MatLab,m2,165.14,1
Concrete Works,"Thickening garage slab as per engineers advice, to allow for car hoist by others. 32MPA, DOUBLE MESH, 200MM THICK MINIMUM",MatLab,Allowance,716.0,1
Concreter,Acid Wash and Seal Exposed Aggregate Driveway,Sub,m2,14.0,1
Concreter,Concrete pump - Boom or Line pump,Mat,each,969.11,2
Concreter,Concrete. Bored Piers. This quote has allowed for 900mm of concrete in a 450mm diameter hole,MatLab,m3,595.62,1
Concreter,"Concrete. Prep and pour Carport, Front under croft, Stair landing  and driveway slab",MatLab,m2,96.81,1
Concreter,Concrete. Prep and pour garage Slab,MatLab,m2,87.09,1
Concreter,Pump washout offsite,Mat,each,250.0,1
Demolition,Acrows - Prop No. 3   2.5m - 3.9m (8' - 12'),Mat,day,5.9,1
Demolition,Cleaning equipment - water pressure cleaner - Electric/petrol,Mat,days,116.0,1
Demolition,Delivery - Steel Reo. Zone 1,Mat,each,132.0,5
Demolition,Dust Fibre Suits,Mat,each,15.0,1
Demolition,Filter Masks   (Pack of 3),Mat,each,10.0,1
Demolition,Hire - Concrete Floor Saw 400 mm   (Blade Extra),Mat,day,250.0,1
Demolition,Hire - Diamond Blade 400mm  (Inc .1mm wear/day),Mat,day,26.4,1
Demolition,Jackhammer - Large Bosch Brute  (incl.Point & Chisel),Mat,day,100.5,1
Demolition,Permit - Road / Sidewalk,Mat,each,150.0,1
Demolition,Skip Bins - 10 m3,Mat,each,990.0,2
Demolition,Tarps - 7m x 11m (24' x 36') Blue,Mat,week,345.0,1
Demolition,Truck waste removal - per load - 11 tonne Bogie tipper truck - concrete/brick/asphalt - per load,Mat,each,825.0,1
Earthworks,Backfill Retaining,Lab,hrs,143.0,1
Earthworks,Cut & Fill Platform - Earthworks - Excavator 4-6 Tonne,Lab,hr,149.16,1
Earthworks,Dig Footings - Excavator,Lab,hrs,143.0,1
Earthworks,Dig Footings - Excavator - Block Footings,Lab,hrs,143.0,1
Earthworks,Dig Footings- Drill Bored Piers,Lab,hrs,143.0,1
Earthworks,Slab Preparation,Lab,hr,143.0,1
Electrical,1. Installation of an electrical conduit from the house to the front gatehouse area allowing for supply of power & light cabling to the area when required. Cabling will be repositioned on the house side for future use.(Note: it is anticipated that the plu,Mat,Allowance,1975.0,1
Electrical,10. Reinstall the TV antenna once the roofers are finished.,Mat,Allowance,100.0,1
Electrical,11. To install a light over the rear deck stairs.,Mat,Allowance,150.0,1
Electrical,2. To supply & install 4 new 15/30W LED flood lights to the corners of the house to be switched with the security beam as well as a manual switch at alarm panel.,Mat,Allowance,1000.0,1
Electrical,"3. To install additional GPO's & TV points in the media, lounge & formal living.",Mat,Allowance,600.0,1
Electrical,4.To reposition the downlights in the downstairs office into a centralised position.,Mat,Allowance,50.0,1
Electrical,5. To supply & install a new 3 phase circuit to the AC system with isolator & RCBO installed.,Mat,Allowance,600.0,1
Electrical,6. To install a spot light with 2 motion sensors to light up the path to the pool from the garage.,Mat,Allowance,400.0,1
Electrical,7. To supply & install 2 GPO's in the pantry & laundry for the robo vac's.,Mat,Allowance,300.0,1
Electrical,8. To install a wall light outside the downstairs office.,Mat,Allowance,150.0,1
Electrical,9. Supplied & installed an additional smoke alarm and ceiling fan in the downstairs media room.,Mat,Allowance,300.0,1
Electrical,Additional electrical mark ups for fan replacements & down light installations received on 28/3/22,Mat,each,1200.0,1
Electrical,Allowance per m2 (Medium),Lab,m2,100.0,1
Electrical,Brisbane Power Poles to supply and install powder coated (Monument) steel property pole.,Sub,Allowance,2850.0,1
Electrical,Ceiling GPO’s and Wireless Access Points,MatLab,Allowance,1020.0,1
Electrical,Disconnect & rewire and fit off as per plans and specifications,Sub,Ea,4324.8,1
Electrical,Disconnect & rewire and fit off as per plans and specifications. All lighting and fans supplied by the client,Sub,Ea,2340.84,1
Electrical,Electrical extra scope,Sub,Allowance,1600.0,1
Electrical,Electrical. Supply & install 2 new 3 phase 20A circuits to either side of the garage to allow for the installation of car chargers,Mat,Allowance,400.0,1
Electrical,Electrical. Supply & install a new 3 phase 2.5mm cable from the switchboard to the car hoist location in the garage.,Sub,Allowance,366.67,1
Electrical,Exhaust fans and switches,Mat,Allowance,1040.0,1
Electrical,Extra power point in the laundry cabinet for washing machine due to relocation,Sub,each,200.0,1
Electrical,Install earthing requirement for all glass pool fencing posts,Mat,each,1200.0,1
Electrical,Light Fittings -  PC,Mat,PC,7000.0,1
Electrical,Love Electrical to supply and install underground 3 phase 16mm cabling and connections into meter box.,Mat,Allowance,2100.0,1
Electrical,Making safe the worksite. To supply & install the necessary wiring & fittings as per the supplied plans. This includes the extension of existing switchboard cabling to the new switchboard location,Sub,Allowance,8482.5,1
Electrical,Power point and conduit replacement in garage for garage door and switched lighting,Sub,each,944.0,1
Electrical,"Prime Cost for, Ceiling fans (internal fans to be similar to Bayside Nautilus) As per specification on page SP06",Mat,Allowance,1500.0,1
Electrical,"Prime Cost for, Light fittings, Sensors, detectors, exhaust fans. As per specification on page SP06",Mat,Allowance,2497.5,2
Electrical,Provisional sum allowance for machine and spotter to excavate trench for underground cabling.,Mat,Allowance,425.25,2
Electrical,Provisional sum allowed to supply & install a new 3 phase 16mm mains cabling from the connection point to the meter box & then to the switchboard to replace the existing 16mm single phase cable,Sub,Allowance,1466.67,1
Electrical,Relocate overhead power line to front southern corner of the house,Sub,Allowance,600.0,1
Electrical,"Supply and install new TV antenna, bracket and cabling back to the splitter to fix the reception issues as requested by the owner.",Sub,ea,435.0,1
Electrical,Supply and install power cabling and isolator switch for air-con unit.,Sub,Allowance,200.0,1
Electrical,To relocate the existing 2 GPO's in the downstairs media room to a higher position.,Sub,Allowance,60.0,1
Electrical,To supply & install 2 new GPO's in the downstairs media room between the repositioned GPO's.,Sub,Allowance,300.0,1
Electrical,"To supply & install 3 new Nebular Large LED flood lights on the northern, western & southern sides of the house to be feed back to the switchboard & controlled with a separate contactor switch by the security system.",Sub,Allowance,930.0,1
Electrical,To supply & install a new 3 phase 2.5mm power supply from the existing car hoist location to the twin HWS location. Paint ducting in wall colour,Sub,Allowance,370.0,1
Electrical,To supply & install a new GPO in the master bedroom WIR between the ensuite door & cabinetry.,Sub,Allowance,300.0,1
Electrical,"To supply & install a new RCBO in the switchboard, run the cabling to the HWS position, connect & commission the appliance. To supply & install a new RCBO in the switchboard, run the cabling to the hot plate position, connect & commission the appliance.",Mat,Allowance,875.0,1
Electrical,To supply & install a new light cable from the front door switch plate to the middle of the entry area for a future feature light.,Sub,Allowance,100.0,1
Electrical,To supply & install a new power point inside the kitchen pantry cupboard.,Sub,Allowance,150.0,1
Electrical,To supply & install the 11 rotary light dimmers to the areas mentions in the text. $100 each,Sub,Allowance,1100.0,1
Electrical,To supply & install the 2 x 20A heater circuits from the switchboard to the rear deck area and to fit off the heaters.,Sub,Allowance,500.0,1
Electrical,Tv and Soundbar Install,Lab,Allowance,520.0,1
Electrical,Tv antenna supply and install,Sub,each,435.0,1
Fencing,Stone installation labour,Lab,Allowance,9482.5,1
Fencing,Stone sealing,MatLab,Allowance,600.0,1
Fencing,Supply and install aluminium fence panel inserts into front block fence including gate with lever handle,Sub,ea,6138.0,2
Fencing,"Upgrade front fence footing to suit new fence style as per engineering, Steel reo, Concrete and labour",MatLab,Allowance,1162.75,1
Fencing,wash down and paint the fences 2 x side 1 x rear,MatLab,Allowance,57.66,1
Fencing & Gates,Automatic Sliding Driveway Gate,Lab,each,15000.0,1
Fencing & Gates,Gate - Powder coated Pedestrian Gate,Lab,each,950.0,1
Fencing & Gates,Quality Powdercoated Balustrades/Fencing/Screens (incl Gates),Lab,Lm,690.0,1
Fencing & Sleeper Retaining Walls,Sealed Dark Grey tinted plain concrete sleepers. Posts painted Monument.,Mat,Allowance,1000.0,1
Fencing & Sleeper Retaining Walls,"Supply and install 800mm high, Concrete sleeper retaining wall as marked on plan.",MatLab,lm,1955.92,1
Fire Place,4 x 6 DV Gal 45ø Elbow,Mat,each,227.0,1
Fire Place,Dektite 150mm - 300mm Black,Mat,each,71.82,1
Fire Place,Delivery to Site,Mat,each,180.0,1
Fire Place,FIREPLACE TOUCH UP PAINT,Mat,ea,36.32,1
Fire Place,Install Fireplace and flu,Sub,each,1500.0,1
Fire Place,LOPI 564 CF Trim 10mm 13-22mm wall,Mat,each,268.18,1
Fire Place,Lopi 564 CF 25K & 31K Black Glass Liner,Mat,each,531.82,1
Fire Place,Lopi 564CF 25K & 35K Classic Oak Logs,Mat,each,524.55,1
Fire Place,PS Fireplace,Lab,each,10000.0,1
Fire Place,QUOTE 22-00000319,Mat,Ea,7956.7,1
Fire Place,Supply fireplace and flu. LOPI Clean Face 25k GS2 Gas Fire,Mat,each,5137.6,1
First Floor Framing,1RB1 200X50 F17 HWD CCA TREATED,Mat,lm,299.12,1
First Floor Framing,1RB2 300X63 LVL 13,Mat,lm,58.05,1
First Floor Framing,70 X 35 MGP12 FRAMING,Mat,ea,3.99,1
First Floor Framing,"90 x 35 MGP 12 bottom plates, nogging (90 x 35 MGP 12 bottom plates, nogging)",Mat,lm,142.39,1
First Floor Framing,90 x 35 MGP 12 studs 2.7m,Mat,lm,441.96,3
First Floor Framing,90 x 35 MGP 12 top plates x 2,Mat,lm,284.86,3
First Floor Framing,Beam specified by the engineer.  BEAM 17C GLUE LAM 230 X 65 H2 STRUCT PINE MEGABEAM,Mat,lm,106.21,1
First Floor Framing,"Bedroom 3. prepare frame, supply and install cavity slider. Door and hardware included in PC sums",MatLab,Allowance,75.0,1
First Floor Framing,Bracing ply 4mm 3m. 1200mm,Mat,ea,3154.3,1
First Floor Framing,"Bracing ply 4mm 3m. 21 x 900, 4 x 1200",Mat,each,61.41,1
First Floor Framing,"Bracing ply 4mm 3m. 3 x 900, 4 x 1200",Mat,each,301.1,1
First Floor Framing,Build and install beams and lintels,Lab,Hour,65.0,1
First Floor Framing,Build and install beams and roof frame,Lab,Hour,62.83,1
First Floor Framing,Build and install upper level wall frames,Lab,Hour,65.0,3
First Floor Framing,"Build new TV wall frame and sheet in plasterboard, set and sand",MatLab,Allowance,104.46,1
First Floor Framing,Carpentry Labour for pick up and deliver from hardware store and installation for two,Mat,Hour,65.0,1
First Floor Framing,Carpentry labour to frame up,Lab,Hour,75.0,1
First Floor Framing,"Fixings, threaded rod, nuts, bolts, nails, screws, Chemset",Mat,Allowance,74.09,4
First Floor Framing,Install timber fascia,Lab,Hour,65.0,1
First Floor Framing,L1 90 X 35 MGP12,Mat,lm,5.45,1
First Floor Framing,L1 90 x 45 MGP 12 Lintel,Mat,lm,7.12,1
First Floor Framing,"L1, 2 X 90 X 45. MGP 12. 2 @ 4.8M",Mat,lm,35.0,1
First Floor Framing,L2 140X35 F27,Mat,lm,110.59,1
First Floor Framing,L3 200X63 LVL 13,Mat,lm,38.72,1
First Floor Framing,L3. 150 X 42 SMART LVL 15. 1 @ 4.8M,Mat,lm,27.0,1
First Floor Framing,L4 170 X 42 SMART LVL 15. 1 @ 2.4M,Mat,lm,35.0,1
First Floor Framing,L4 190 x 45 MGP 12 Lintel x 2 3.6m,Mat,lm,24.26,1
First Floor Framing,L4 360X85 GL15C,Mat,lm,221.4,1
First Floor Framing,L5 300 x 45 LVL 13 Lintel,Mat,lm,36.38,1
First Floor Framing,L5. 200 X 42 SMART LVL 15. 1 @ 3.6M,Mat,lm,52.0,1
First Floor Framing,MGP10 70 X 35 T2 FRAMING,Mat,lm,7.97,1
First Floor Framing,Materials change and labour reduction,MatLab,ea,1460.76,1
First Floor Framing,Miscellaneous framing and blocking timbers  as required,Mat,Allowance,1924.88,1
First Floor Framing,Nails (Junctions and Jambs 3m 90 x 45 MGP 12),Mat,each,0.02,1
First Floor Framing,PINE BATTEN F/J 42X35,Mat,Ea,2.43,1
First Floor Framing,PINE FJ FASCIA PRIMED H3 230 x 31mm,Mat,lm,96.47,1
First Floor Framing,"RB1 240 x 45 LVL 13, Roof Beam",Mat,lm,29.11,1
First Floor Framing,RB1. 200 X 63 SMART LVL 15.,Mat,lm,85.0,1
First Floor Framing,"RB2 240 x 63 LVL 13, Roof Beam",Mat,lm,41.27,1
First Floor Framing,RB2. 230 X 65 HYNE TIMBER BEAM 17 GLT CAMBERED,Mat,lm,110.0,1
First Floor Framing,"RB3 195 x 65 BEAM 17C, Roof Beam",Mat,lm,90.13,1
First Floor Framing,"RB4 230 x 65 BEAM 17C, Roof Beam",Mat,lm,106.54,1
First Floor Framing,"RB5 295 x 85 BEAM 17C, Roof Beam",Mat,lm,159.5,1
First Floor Framing,RIBBON PLATE (LOADBEARING 90x45 MGP12 with 3m STUDS - FRAMING RECIPE),Mat,lm,8.5,1
First Floor Framing,"Roof frame, front deck pergola frame, Wesbeam system",Mat,Allowance,1135.42,1
First Floor Framing,"Roof frame, trusses",Mat,m2,8029.0,1
First Floor Framing,Skylight Labour,Lab,ea,61.73,1
First Floor Framing,Studs (Junctions and Jambs 3m 90 x 45 MGP 12),Mat,each,76.5,1
First Floor Framing,Supply and install cavity slider units 2x single 1x double,MatLab,Allowance,245.18,1
First Floor Framing,"Timber, materials, consumables",Mat,Allowance,170.0,1
Fixing Carpentry,"Allowance for fixings, glues",Mat,Allowance,37.38,1
Fixing Carpentry,"Architrave (1 x Cavity sliding unit, Ground level)",Mat,Ea,54.54,1
Fixing Carpentry,"Architrave (Cavity sliding units,)",Mat,Ea,257.46,1
Fixing Carpentry,Architrave (New Internal Doorways Caprice CAP),Mat,Ea,192.63,1
Fixing Carpentry,Architrave (New Internal Doorways. Doors to be confirmed),Mat,Ea,3819.37,1
Fixing Carpentry,Architrave 18mm thick. To be confirmed,Mat,lm,50.83,1
Fixing Carpentry,Architrave 68x18 BR Rounded (Lower level doorways),Mat,Length,30.0,1
Fixing Carpentry,Architrave 93x18 BR Rounded (Upper level doorways),Mat,Length,30.0,1
Fixing Carpentry,Architrave SK451 18mm thickness Height 90 WINDOWS AND EXTERNAL DOORS,Mat,lm,10.1,1
Fixing Carpentry,Carpentry Labour (New Internal Doorways Caprice CAP),Mat,Ea,60.0,1
Fixing Carpentry,Carpentry Labour (New Internal Doorways. Doors to be confirmed),Mat,Ea,60.0,1
Fixing Carpentry,Delete labour allowance for sliding door D02,MatLab,Ea,624.25,1
Fixing Carpentry,"Door Jamb 112mm x 18mm (1 x Cavity sliding unit, Ground level)",Mat,Ea,20.0,1
Fixing Carpentry,"Door Jamb 112mm x 18mm (Cavity sliding units,)",Mat,Ea,20.0,1
Fixing Carpentry,Door keeper (New Internal Doorways Caprice CAP),Mat,Ea,22.0,1
Fixing Carpentry,Door keeper (New Internal Doorways. Doors to be confirmed),Mat,Ea,22.0,2
Fixing Carpentry,"Door, Hume Caprice (New Internal Doorways Caprice CAP)",Mat,Ea,69.0,1
Fixing Carpentry,"Door, Hume Caprice (New Internal Doorways. Doors to be confirmed)",Mat,Ea,69.0,1
Fixing Carpentry,FIX OUT HARDWARE AND MATERIALS,Mat,Ea,4096.03,1
Fixing Carpentry,FRONT DOOR,Mat,ea,690.02,1
Fixing Carpentry,Fit off 3x door handles and 3x flush bolts to French doors and single hinged door. Supply and install stick-on fur weatherstrips to sunroom doors.,MatLab,Allowance,75.0,1
Fixing Carpentry,Fit off bathroom and fixtures,Mat,Hour,62.5,2
Fixing Carpentry,Fixing Carpentry Labour,Lab,Hour,63.98,2
Fixing Carpentry,Fixing Carpentry and fit off Labour,Lab,Hour,64.47,1
Fixing Carpentry,Fixing Hardware,Mat,Ea,94.16,2
Fixing Carpentry,"Fixing and lockup hardware, including hinges, door locks, door stops, window locks, latches",Mat,Allowance,3000.0,1
Fixing Carpentry,French Door Magnetic Door Keepers,Mat,each,325.0,1
Fixing Carpentry,GAINSBOROUGH LATCH 70mm BACKSET - BRIGHT CHROME (Replace 6 existing doors to Hume Internal Door Caprice CAP),Mat,Ea,16.91,1
Fixing Carpentry,"HUME EVOLUTION CAVITY UNIT 90mm - 2040 x 820mm (1 x Cavity sliding unit, Ground level)",Mat,Ea,178.1,1
Fixing Carpentry,"HUME EVOLUTION CAVITY UNIT 90mm - 2040 x 820mm (Cavity sliding units,)",Mat,Ea,178.1,1
Fixing Carpentry,Heated Towel Rail,Mat,Allowance,700.0,1
Fixing Carpentry,Hinges (Replace 6 existing doors to Hume Internal Door Caprice CAP),Mat,Ea,7.5,1
Fixing Carpentry,Hume Caprice woodgrain,Mat,Ea,69.45,1
Fixing Carpentry,Hume Hayman Smooth,Mat,Ea,83.82,1
Fixing Carpentry,"Hume Internal Door Caprice CAP (1 x Cavity sliding unit, Ground level)",Mat,Ea,75.0,1
Fixing Carpentry,"Hume Internal Door Caprice CAP (Cavity sliding units,)",Mat,Ea,75.0,1
Fixing Carpentry,Hume Internal Door Caprice CAP (Replace 6 existing doors to Hume Internal Door Caprice CAP),Mat,Ea,75.0,1
Fixing Carpentry,Install timber cornice to all upper level rooms except sunroom and ens 2,Lab,Hour,72.26,1
Fixing Carpentry,"Installation of 90 x 42mm timbers for decorative raked ceiling in level 1 living ""EXPOSED RAFTER LOOK"" approximately 1m apart with hip and ridge",Lab,hour,63.94,1
Fixing Carpentry,Installing hose reels,Lab,Allowance,65.0,1
Fixing Carpentry,Internal window sill,Mat,lm,12.0,1
Fixing Carpentry,JAMBSET 112mm - 2040 x 520-870mm 2 HINGE (New Internal Doorways Caprice CAP),Mat,Ea,74.0,1
Fixing Carpentry,JAMBSET 112mm - 2040 x 520-870mm 2 HINGE (New Internal Doorways. Doors to be confirmed),Mat,Ea,203.04,1
Fixing Carpentry,Jamb 112x18 DAR (Lower level doorways),Mat,Length,30.0,1
Fixing Carpentry,Jamb 112x18 DAR Pine (Upper level doorways),Mat,Length,30.0,1
Fixing Carpentry,Labour (Replace 6 existing doors to Hume Internal Door Caprice CAP),Mat,Ea,60.0,1
Fixing Carpentry,Labour to install (Lower level doorways),Mat,Hour,75.0,1
Fixing Carpentry,Labour to install (Upper level doorways),Mat,Hour,75.0,1
Fixing Carpentry,Labour to install Architrave,Lab,ea,65.77,1
Fixing Carpentry,Labour to install Skirting,Lab,ea,58.58,1
Fixing Carpentry,Lever set (New Internal Doorways Caprice CAP),Mat,Ea,125.0,1
Fixing Carpentry,Lever set (New Internal Doorways. Doors to be confirmed),Mat,Ea,65.0,2
Fixing Carpentry,Locksmith services,Mat,Ea,81.82,1
Fixing Carpentry,"Master bed French door lever handle and hinges. 4 x hinges, 1 x DOOR LEVER REIMS CHROME, rebate kit, mortice lock, Scope euro cylinder",Mat,Allowance,253.41,1
Fixing Carpentry,"New window casement fasteners and barrel bolts. 16 x Tear drop casement fasteners, 4 x offset barrel bolts, 20 pairs of casement friction sliders for 20 casement windows",Mat,Allowance,879.86,1
Fixing Carpentry,Plinth block  (Lower level doorways),Mat,Ea,2.0,1
Fixing Carpentry,Plinth blocks (Upper level doorways),Mat,Ea,2.0,1
Fixing Carpentry,"Remove existing door furniture to French Door in master bedroom, patch up old holes and replace with new as per specification. Labour",Lab,Hour,65.0,1
Fixing Carpentry,"Remove existing window furniture to existing windows, patch up old holes and replace with new friction sliders, Casement fastener tear drop long throw and barrel bolts. Labour",Lab,Hour,65.0,1
Fixing Carpentry,Replace glass Payne in bed 2 casement window. materials and labour,MatLab,Ea,148.0,1
Fixing Carpentry,Replace study doors with solicore hinged doors with “U” inlay moulds on front and rearrange shelving inside cupboard.,MatLab,Allowance,53.13,1
Fixing Carpentry,Robe Hook,Mat,Allowance,60.0,2
Fixing Carpentry,"SCHLAGE SLIDING DOOR SET RND SATIN CHROME - PRIVACY (1 x Cavity sliding unit, Ground level)",Mat,Ea,80.0,1
Fixing Carpentry,"SCHLAGE SLIDING DOOR SET RND SATIN CHROME - PRIVACY (Cavity sliding units,)",Mat,Ea,80.0,2
Fixing Carpentry,Skirting 18mm thick. To be confirmed,Mat,lm,84.3,1
Fixing Carpentry,Skirting Interim SK451 18mm thickness Height 135 UPPER (EXCLUDING EXISTING BEDROOMS AND BATHROOMS) AND LOWER,Mat,lm,10.1,1
Fixing Carpentry,"Skirting Upper and Lower. 140 x 19mm, Finlayson's Type G.",Mat,lm,12.0,1
Fixing Carpentry,Stops 42x11 (Lower level doorways),Mat,Length,8.0,1
Fixing Carpentry,Stops 42x11 (Upper level doorways),Mat,Length,8.0,1
Fixing Carpentry,Supply and install AM-BOSS Access-boss model 3020 roof access with foldout ladder and handrail,MatLab,Allowance,1802.7,2
Fixing Carpentry,Supply and install Archway 1,Mat,Allowance,478.0,1
Fixing Carpentry,Supply and install Archway 2,Mat,Allowance,388.0,1
Fixing Carpentry,Supply and install Archway 3,Mat,Allowance,388.0,1
Fixing Carpentry,Supply and install decorative mouldings above 6x doorways in master suite,MatLab,Allowance,75.0,1
Fixing Carpentry,"Supply and install new handle to master bedroom French Doors, Remove supply and install new window fixtures to the existing windows",MatLab,ea,225.89,1
Fixing Carpentry,Supply timber cornice to all upper level rooms except sunroom and ens 2,Mat,lm,1260.26,1
Fixing Carpentry,TRADCO REIMS LEVER ON LONG BACKPLATE (Replace 6 existing doors to Hume Internal Door Caprice CAP),Mat,Ea,125.0,1
Fixing Carpentry,"Timber for decorative raked ceiling in level 1 living ""EXPOSED RAFTER LOOK"" rafter size 90 x 42mm",Mat,each,69.31,1
Fixing Carpentry,Toilet Roll Holder,Mat,Allowance,75.0,5
Fixing Carpentry,Towel Ring,Mat,Allowance,75.0,5
Fixing Carpentry,Towel rail,Mat,Allowance,50.0,3
Fixing Carpentry,Tradco Magnetic Wall Mounted Door Stop - 93mm (Replace 6 existing doors to Hume Internal Door Caprice CAP),Mat,Ea,22.0,1
Fixing Carpentry,Upper ceiling feature mouldings 42x11,Mat,lm,2.0,1
Fixing Carpentry,Use recycled timber for exposed rafter ceiling,Mat,Allowance,270.0,1
Fixing Carpentry,Wainscoting for powder room,Mat,Allowance,50.0,1
Fixing Carpentry,Wide throw hinge  (Lower level doorways),Mat,Ea,84.1,1
Fixing Carpentry,Wide throw hinge  (Upper level doorways),Mat,Ea,29.26,1
Fixing Carpentry,Window architrave lower interior. 68x19 Finlayson's Type BR rounded,Mat,lm,9.0,1
Fixing Carpentry,Window architrave upper interior. 93x19 Finlayson's Type BR rounded. To all internal windows and doors,Mat,lm,9.0,1
Fixing Carpentry,latch (New Internal Doorways Caprice CAP),Mat,Ea,10.0,1
Fixing Carpentry,latch (New Internal Doorways. Doors to be confirmed),Mat,Ea,10.0,2
Fixtures & Fitting's,All Plumbing PC Items,Mat,ea,4062.42,1
Fixtures & Fitting's,Butler 600 Single Bowl Sink White,Mat,Ea,973.63,2
Fixtures & Fitting's,Caroma Luna CF WF CC Bk/En Scs T/S Wh(4*,Mat,Ea,546.66,2
Fixtures & Fitting's,Double sink,Mat,Ea,8524.85,2
Fixtures & Fitting's,Free Standing Bath,Mat,Ea,1500.0,1
Fixtures & Fitting's,Kado Lussi Thin Edge F/S Bath W P&W 1700,Mat,Ea,2901.27,2
Fixtures & Fitting's,Laufen Pro A W/Basin W/Fix 850 SUPPLIED BY CLIENT,Mat,Ea,1.0,2
Fixtures & Fitting's,Laufen Pro A Wall Basin Frame 850 SUPPLIED BY CLIENT,Mat,Ea,1.0,2
Fixtures & Fitting's,Mixer,Mat,Ea,200.0,5
Fixtures & Fitting's,Mizu Drift Bottle Trap W Remov Base CP,Mat,each,86.34,2
Fixtures & Fitting's,Oliveri Prof Pr1130u SS U/Mnt Sngle Bowl,Mat,Ea,797.47,2
Fixtures & Fitting's,P&W Basin Pop Down 40mm CP,Mat,each,39.21,2
Fixtures & Fitting's,"Prime cost allowance for all taps, toilets, fixtures and fittings, deliveries",Mat,Allowance,12000.0,2
Fixtures & Fitting's,Shwr Rose & Rail,Mat,each,300.0,4
Fixtures & Fitting's,Silicone and tape,Mat,ea,8.31,1
Fixtures & Fitting's,Tap Set,Mat,each,200.0,2
Fixtures & Fitting's,Tapset,Mat,Ea,200.0,3
Fixtures & Fitting's,Tapset U/Bench,Mat,Ea,60.0,2
Fixtures & Fitting's,Tapset behind Fridge/Freezer,Mat,Ea,60.0,1
Fixtures & Fitting's,Toilet,Mat,each,600.0,5
Fixtures & Fitting's,Vanity Basin,Mat,Ea,300.0,5
Fixtures & Fitting's,WALL MOUNTED TOILET BRUSH HOLDER,Mat,each,269.09,2
Fixtures & Fitting's,WINSLOW BASIN MIXER WITH SWIVEL SPOUT,Mat,Ea,648.18,2
Fixtures & Fitting's,WINSLOW DOUBLE TOWEL RAIL 900MM,Mat,Ea,417.26,2
Fixtures & Fitting's,WINSLOW EXPOSED SHOWER SET WITH 150MM,Mat,Ea,1606.36,2
Fixtures & Fitting's,WINSLOW KITCHEN MIXER WITH SWIVEL SPOUT,Mat,Ea,726.36,2
Fixtures & Fitting's,WINSLOW SINGLE TOWEL RAIL 900MM,Mat,Ea,270.9,2
Fixtures & Fitting's,WINSLOW TOILET ROLL HOLDER,Mat,each,126.36,2
Fixtures & Fitting's,WINSLOW WALL SET WITH 230MM SPOUT,Mat,Ea,446.36,2
Fixtures & Fitting's,WINSLOW WALL SET WITH JUMPER VALVE CROSS,Mat,Ea,747.26,2
Fixtures & Fitting's,Wall Mixer,Mat,Ea,300.0,2
Floor Coverings,"Drum sand existing timber flooring to sunroom, master bed inc WIR, formal living, library & bed 2, inc robe & bed 3 inc robe on upper level",Sub,m2,117.63,1
Floor Coverings,Extra 5% flooring,Mat,Allowance,476.0,1
Floor Coverings,Install Ramboard and other protective coatings,Lab,ea,45.0,1
Floor Coverings,Install Ramboard and other protective surfaces,Mat,ea,62.0,1
Floor Coverings,"Pressure clean, Apply concrete colour seal to the garage floor, similar to the existing finish",Sub,Allowance,1680.0,1
Floor Coverings,Sand and polish upper and lower flooring,Sub,Allowance,8910.0,1
Floor Coverings,"Sealing of stone tiles and pavers. Sealing of natural stone to ground floor, alfresco and side paths. level 1 entry deck and path, rear deck",Sub,m2,56.78,1
Floor Coverings,Stair treads,Sub,Allowance,700.0,1
Floor Coverings,Supply and install epoxy flake floor,Sub,each,691.2,1
Floor Coverings,Supply and install new flooring,Sub,Allowance,8852.5,1
Floor Coverings,Supply and install waterproof membrane,Sub,m2,20.0,1
Floor Coverings,Timber floor and deck protection,Mat,ea,441.44,1
Floor Coverings,"To rough sand particleboard joins & polivac to dining, lounge, kitchen & pantry on upper level",Sub,m2,10.0,1
Floor Coverings,To sand and polish new blackbutt stairs treads only & 1.5m2 landing with 3 coats of commercial grade waterbase finish - stained to WALNUT colour (anti slip),Sub,Allowance,1200.0,1
Floor Coverings,To sand and polish with 3 coats of commercial grade waterbase finish - stained to WALNUT colour,Sub,m2,15293.5,1
Floor Coverings,"To supply and install 200UM vapour barrier & 19mm plywood to entry, media, hall, under stairs & bedroom ground floor",Sub,m2,75.0,1
Floor Coverings,"To supply and install Select grade 130mm x 19mm Blackbutt glued & secret nailed to entry, hall, store, bed & media on ground & sunroom, living, bed 2 inc robe, bed 3 inc robe, master inc WIR, library, lounge dining, kitchen & pantry on upper level",Sub,m2,27116.75,1
Floor Coverings,"To supply, install, sand and polish European Oak Engineered parquetry 600x120x15mm in herringbone bone pattern with one block border around the perimeter",Mat,m2,222.25,1
Floor Coverings,"To supply, install, sand and polish flooring to match existing as best as possible, Excluding garage and store room",Mat,m2,49.1,1
Floor Coverings,"To supply, install, sand and polish flooring to match existing as best as possible, Excluding garage and store room",Sub,m2,200.0,1
"Floor Systems, Deck & Posts","""T BLADE"" STIRRUP TO ENGINEERS DETAILS",Mat,ea,100.0,1
"Floor Systems, Deck & Posts",Allowance for fixings.,Mat,Allowance,52.33,1
"Floor Systems, Deck & Posts","Allowance for primers, coatings and consumables",Mat,Allowance,86.29,1
"Floor Systems, Deck & Posts",B1 150X50 F17 HWD,Mat,lm,29.92,1
"Floor Systems, Deck & Posts",B2 150X75 F17 HWD,Mat,lm,49.97,1
"Floor Systems, Deck & Posts",DECKING SPOTTED GUM SELECT GRADE DPR 86X19,Mat,lm,1194.21,1
"Floor Systems, Deck & Posts",DELIVERY CHARGE,Sub,Allowance,180.0,5
"Floor Systems, Deck & Posts",FB1 240X45 LVL 13,Mat,lm,2501.13,1
"Floor Systems, Deck & Posts",FB2 240X63 LVL 13,Mat,lm,2670.54,1
"Floor Systems, Deck & Posts",FB3 150X63 LVL 13,Mat,lm,29.05,1
"Floor Systems, Deck & Posts",FB4 2/200X45 LVL 13,Mat,lm,52.4,1
"Floor Systems, Deck & Posts",FB5 2/240X45 LVL 13,Mat,lm,62.86,1
"Floor Systems, Deck & Posts",FB6 170X45 LVL 13,Mat,lm,22.25,1
"Floor Systems, Deck & Posts",FULL HEIGHT 5.4M TP 100X100 F14 HWD POST CCA TREATED,Mat,ea,328.8,1
"Floor Systems, Deck & Posts",Install Bearers and Joists - Deck,Lab,ea,69.67,1
"Floor Systems, Deck & Posts",Install Timber Posts - Deck,Lab,ea,75.0,1
"Floor Systems, Deck & Posts",Install bearers and joists including rim board and blocking.,Lab,Hour,67.11,1
"Floor Systems, Deck & Posts",Install decking boards as per architects notes.,Lab,Hour,59.86,1
"Floor Systems, Deck & Posts",Install hardwood timber posts.,Lab,Hour,65.95,1
"Floor Systems, Deck & Posts",Install structural flooring where required.,Lab,Hour,63.55,1
"Floor Systems, Deck & Posts",Install timber fascia to perimeter of deck.,Lab,Hour,75.0,1
"Floor Systems, Deck & Posts",J1 130X45 LVL 13,Mat,lm,17.03,1
"Floor Systems, Deck & Posts",J2 150X45 LVL 13,Mat,lm,19.65,1
"Floor Systems, Deck & Posts",J3 200X45 LVL 13,Mat,lm,26.2,1
"Floor Systems, Deck & Posts",J4 240X45 LVL 13,Mat,lm,31.43,1
"Floor Systems, Deck & Posts",J5 125X50 F17 HWD CCA TREATED,Mat,lm,25.02,1
"Floor Systems, Deck & Posts",LOWER LEVEL 2.4M TP 100X100 F14 HWD POST CCA TREATED,Mat,ea,146.13,1
"Floor Systems, Deck & Posts","Labour, carpentry, project management, consult and confirm with engineer and materials",MatLab,Allowance,980.0,1
"Floor Systems, Deck & Posts",Pre coat decking prior to laying.,Lab,Hour,45.0,1
"Floor Systems, Deck & Posts",Prep and prime hardwood timbers.,Lab,Hour,45.58,1
"Floor Systems, Deck & Posts",Scyon Secura Interior flooring to wet areas,Mat,m2,81.12,1
"Floor Systems, Deck & Posts","Set out bearers, joists and posts.",Lab,Hour,69.81,1
"Floor Systems, Deck & Posts",Structaflor H2 to new joists,Mat,m2,20.6,1
"Floor Systems, Deck & Posts",Supply timber fascia to perimeter of deck.,Mat,lm,60.0,1
Footings to Blocks,Bar Chairs - SOG 50/65,Mat,100/pack,20.0,2
Footings to Blocks,Bar Chairs - TM Supports 290 x 65mm,Mat,20/pack,23.0,1
Footings to Blocks,Bottom - Deformed Bar - N12 x 6000mm (Straight),Mat,each,15.55,1
Footings to Blocks,Concrete - Delivery - Truck Standby Time,Mat,hr,120.0,3
Footings to Blocks,Concrete - Grey Base - 20/25 Mpa - Zone 1,Mat,m3,267.3,1
Footings to Blocks,Concrete Pump - Minimum Charge,Lab,each,1500.0,2
Footings to Blocks,Heel Footing to Block - Starter Bars - N12 to suit,Mat,each,5.04,1
Footings to Blocks,Prep and pour footings - Concretor Labour - Day Rate (Premium),Lab,day,880.0,1
Footings to Blocks,Toe Footing to Block - Starter Bars - N12 to suit,Mat,each,8.4,1
Footings to Blocks,Top - Deformed Bar - N12 x 6000mm (Straight),Mat,each,15.55,1
Footings to Blocks,Trench Mesh - L12TM4  12 x 300 x 6000mm,Mat,each,98.28,2
Footings to Blocks,X-Axis Supply - Deformed Bar - N12 x 6000mm (Straight),Mat,each,15.55,1
Footings to Blocks,Y-Axis Supply - Deformed Bar - N12 x 6000mm (Straight),Mat,each,15.55,1
"Front Carport,",Beams and Trusses,Mat,Allowance,3080.0,1
"Front Carport,",CARTAGE/ TRANSPORT,Sub,Ea,180.0,1
"Front Carport,",Carpentry set up and pour post footings,Lab,Hour,65.0,1
"Front Carport,","Carpentry, Set out for carport",Lab,Hour,65.0,1
"Front Carport,","Carpentry. Frame and install gable ends, facia's, soffits, vertical batten to front gable",Lab,Hour,60.91,1
"Front Carport,","Carpentry. Install beams and roof frame, tie down and bracing",Lab,Hour,58.33,1
"Front Carport,",Concrete for post footings,Mat,m3,200.0,1
"Front Carport,",Hook up new roof to stormwater system,Sub,Allowance,800.0,1
"Front Carport,","Materials, Framing, cladding, fascia's, soffits",Mat,Allowance,783.97,1
"Front Carport,",Miscellaneous consumables and fixings,Mat,Allowance,200.0,1
"Front Carport,","Roofing and guttering to match existing. Metal Corrugated, Metal battens, Supply and install Anticon blanket insulation.",Sub,Allowance,5158.18,1
"Front Carport,","Roofing, Edge Protection System, installation and removal",Mat,Allowance,750.0,1
"Front Carport,",Steel posts,Mat,Allowance,200.0,1
"Front Fence, Balustrade, Screens",SCREENING UNDER HOUSE LABOUR,Lab,ea,61.57,1
"Front Fence, Balustrade, Screens",Screening Under House,Mat,ea,417.84,1
"Front Fence, Balustrade, Screens","Supply & install aluminium fence panels with vertical slats. Gate, screening and balustrade, window hoods",Sub,Allowance,5781.16,1
Front Stairs,"Carpenter, Install steel stringers and treads",Mat,Hour,62.5,1
Front Stairs,Fixings and concrete,Mat,ea,0.37,1
Front Stairs,"Front Stairs, steel stringers, hot dipped galvanised",Mat,pair,874.0,1
Garage Door,Garage door as per Dynamic Doors quote,Mat,Ea,1247.0,1
Garage Door,Jamb Seal Kit,Mat,Ea,197.0,1
Garage Door,"Remove existing door and prepare the area for the new garage door as per the Dynamic Doors quote. Slimline Double door, Sectional 4 panels, Dover White.",Sub,Ea,65.0,1
Garage Door,Supply & fit new B&D sectional Garage Door. Re-install existing Automatic Opener (No Warranty on existing automatic unit),Sub,Ea,2420.78,2
Garage Doors,Garage door - sectional custom - up to - 5.4m wide - including motor,Lab,each,6600.0,1
Glazing,4mm mirror with polished edges.,Mat,Ea,300.0,1
Glazing,4mm mirror with polished edges. 1 @ 1000 x 1200,Sub,Ea,272.73,1
Glazing,4mm mirror with polished edges. 1 @ 1100 x 800,Sub,Ea,200.0,1
Glazing,"Aluminium French doors with Matt Black frames,",Mat,each,4047.28,1
Glazing,"Bath: Frameless shower screen using 10mm clear toughened glass and polished chrome fittings. Consisting of a fixed panel, hinged door and return panel. 1 @ 2200 x 1200 x 900",Sub,Ea,12162.0,1
Glazing,"Bath: Frameless shower screen using 10mm clear toughened glass and polished chrome fittings. Consisting of a fixed panel, hinged door and return panel. 1 @ 2200 x 1200 x 900",Mat,Ea,1616.54,1
Glazing,Bathroom ground floor: Shower panel using 10mm clear toughened glass and polished chrome fittings. 1 @ 2000 x 1100,Sub,Ea,1200.0,2
Glazing,"Bathroom, lower floor: Shower panel and door using 10mm clear toughened glass and polished chrome fittings.",Mat,ea,1800.0,2
Glazing,"Bathroom, upper floor: Shower panel using 10mm clear toughened glass and polished chrome fittings.",Sub,Ea,865.45,2
Glazing,"Bathroom: Frameless shower screen using 10mm clear toughened glass and polished chrome fittings. Consisting of a fixed panel, hinged door",Mat,Ea,2200.0,1
Glazing,"Bed 4+5 ensuite: Frameless shower screen using 10mm clear toughened glass. Consisting of a hinged door and fixed panel either side. Glass supporting shelf required. Owners to supply x7 fixing brackets, x2 hinges, x1 handle. 1 @ 2100 x 1600 approx.",Sub,Ea,1900.0,1
Glazing,Clear Shield glass protection to shower screen,Sub,Ea,272.73,5
Glazing,Clear Shield glass protection to shower screen,Mat,Ea,255.46,2
Glazing,Ensuite 1: Frameless shower screen using 10mm clear toughened glass and polished chrome fittings. Consisting of a hinged door with fixed panel either side. 1 @ 2200 x 1750,Sub,Ea,2009.09,1
Glazing,Ensuite 2: Frameless shower screen using 10mm clear toughened glass and polished chrome fittings. Consisting of a hinged door with fixed panel either side. 1 @ 2200 x 1820,Sub,Ea,2127.28,1
Glazing,"Ensuite, upper floor: Shower panel and door using 10mm clear toughened glass and polished chrome fittings.",Sub,each,2009.09,2
Glazing,Frameless shower screen using 10mm clear toughened glass and polished chrome brackets. Consisting of a fixed panel and hinged door. 1 @ 2000 x 800 x 400 approx.,Mat,Ea,1576.36,1
Glazing,Main bath: Frameless shower panel using 10mm clear toughened glass. Glass supporting shelf required. Owners to supply x4 fixing brackets. 1 @ 2100 x 1200 approx.,Sub,Ea,1236.37,1
Glazing,"Master ensuite: Frameless shower screen using 10mm clear toughened glass. Consisting of a hanged door and fixed panel either side. Glass supporting shelf required. Owners to supply x7 fixing brackets, x2 hinges, x1 handle. 1 @ 2100 x 1600 approx.",Sub,Ea,1900.0,1
Glazing,"Mirror, lower bathroom, supplied by client. installation only",Lab,each,60.0,1
Glazing,"Mirror, lower water closet",Sub,each,150.0,2
Glazing,"Mirror, upper floor Ensuite",Sub,each,300.0,2
Glazing,"Mirror, upper floor bathroom,",Sub,Ea,300.0,2
Glazing,REPLACE BROKEN MIRROR,Sub,ea,394.0,1
Glazing,Supply and install a mirror in the gym. 4mm mirror with polished edges. 1 @ 1800 x 900,Sub,each,578.18,1
Glazing,Under stair wine store room door,Sub,each,2529.09,2
Glazing,Under stair wine store room window,Mat,each,3589.09,2
Glazing,Walk in robe: 4mm mirrors with polished edges fitted to wall. 2 @ 2000 x 900 approx.,Sub,Ea,809.09,1
Ground floor framing,"90 x 35 MGP 12 bottom plates, nogging",Mat,lm,257.17,2
Ground floor framing,B2 Bearer 200x50 HWD,Mat,lm,40.0,1
Ground floor framing,BR2 100 X 50MM HARDWOOD 4 @ 3.6M,Mat,each,63.2,1
Ground floor framing,Bottom Plate (90x45 MGP12 with 3m STUDS - FRAMING RECIPE),Mat,lm,8.5,1
Ground floor framing,Bottom Plate (Framing 3.0m x 90 x 35 Load bearing),Mat,lm,279.96,1
Ground floor framing,Bottom Plate (LOADBEARING 90x45 MGP12 with 3m STUDS - FRAMING RECIPE),Mat,lm,8.5,1
Ground floor framing,Bracing ply 4mm 3m 1200mm,Mat,ea,405.15,1
Ground floor framing,Bracing ply 4mm 3m 900mm,Mat,ea,224.09,2
Ground floor framing,"Bracing ply 4mm 3m. 14 x 900, 8 x 1200",Mat,Allowance,919.4,1
Ground floor framing,"Bracing ply 4mm 3m. 41 x 900, 8 x 1200",Mat,Allowance,1380.0,1
Ground floor framing,Build and install lower level Pergola frame,Lab,Hour,66.42,1
Ground floor framing,Build and install lower level wall frames,Lab,Hour,66.3,3
Ground floor framing,DJ 170 x 45 LVL 13. 2 @ 2.4mm,Mat,each,142.07,1
Ground floor framing,Delete building of the robe in the MPR,MatLab,Allowance,210.0,1
Ground floor framing,"Fixings, Miscellaneous propping, framing timbers",Mat,Allowance,143.88,1
Ground floor framing,"Fixings, threaded rod, nuts, nails, bolts, screws, Chemset",Mat,Allowance,43.58,1
Ground floor framing,"Floor frame, front and rear deck frame,  Wesbeam system",Mat,Allowance,11143.23,1
Ground floor framing,Install Scyon external flooring to new external decks,Lab,Hour,65.0,1
Ground floor framing,Install Scyon flooring to new bathroom floor,Lab,Hour,65.0,1
Ground floor framing,Install Structrfloor to new internal floor frame,Lab,Hour,66.5,2
Ground floor framing,Install beams and floor systems,Lab,Hour,62.05,2
Ground floor framing,Install bracing and tie down,Lab,Hour,65.0,6
Ground floor framing,Install posts,Lab,Hour,65.48,1
Ground floor framing,J1 100x50 HWD Joists 22 @ 1.8M,Mat,each,57.32,1
Ground floor framing,James Hardie Flooring SCYON SECURA EXT 2700X600X19MM external decks,Mat,m2,3679.09,1
Ground floor framing,James Hardie Flooring SCYON SECURA EXT 2700X600X19MM wet areas,Mat,m2,23.24,1
Ground floor framing,L1 2 X 90 X 45 MGP 12. 2 @ .6M,Mat,each,57.6,1
Ground floor framing,L1 90 x 45 MGP12 Lintel 1 @1.2m,Mat,Ea,25.63,1
Ground floor framing,L2 140 X 45 MGP 12 Lintel. 2 @ 2.4m,Mat,each,125.27,1
Ground floor framing,"L3 150 x 42 SMART LVL 15. 1@ 2.4M, 2 @ 1.2M",Mat,each,98.58,1
Ground floor framing,L3 190 x 45 MGP 12 Lintel 1 @ 2.4m,Mat,each,83.44,1
Ground floor framing,L3 190X35 F27 LINTEL,Mat,lm,44.65,1
Ground floor framing,L4 170 X 42MM SMART LVL 2 @ 1.8M,Mat,Ea,172.8,1
Ground floor framing,L4 200X45 LVL 13,Mat,lm,26.2,1
Ground floor framing,L5 300 x 45 LVL 13 Lintel 1 @ 3.6m,Mat,Ea,188.05,1
Ground floor framing,Lower ceiling frame modification to allow for centring of hallway down lights,Lab,Hour,75.0,1
Ground floor framing,Nails (90x45 MGP12 with 3m STUDS - FRAMING RECIPE),Mat,each,0.02,1
Ground floor framing,Nails (Framing 3.0m x 90 x 35 Load bearing),Mat,each,0.02,1
Ground floor framing,Nails (Junctions and Jambs 2.7m 90 x 35 mgp12),Mat,each,0.02,1
Ground floor framing,Nails (Junctions and Jambs 3m 90 x 35 MGP 12),Mat,each,0.02,1
Ground floor framing,Nails (LOADBEARING 90x45 MGP12 with 3m STUDS - FRAMING RECIPE),Mat,each,0.02,1
Ground floor framing,Nogs (90x45 MGP12 with 3m STUDS - FRAMING RECIPE),Mat,lm,8.5,1
Ground floor framing,Nogs (Framing 3.0m x 90 x 35 Load bearing),Mat,lm,8.5,1
Ground floor framing,Nogs (LOADBEARING 90x45 MGP12 with 3m STUDS - FRAMING RECIPE),Mat,lm,8.5,1
Ground floor framing,"Pergola, lower rafters",Mat,each,971.58,1
Ground floor framing,"Plumb, pack and straighten wall frames",Lab,Hour,65.84,6
Ground floor framing,"Power Truss, Fixings, threaded rod, nuts, bolts, nails, screws, Chemset",Mat,Allowance,157.51,1
Ground floor framing,Ribbon Plate (Framing 3.0m x 90 x 35 Load bearing),Mat,lm,8.5,1
Ground floor framing,Set out and mark out new wall frames,Lab,Hour,65.0,2
Ground floor framing,Set out and mark out new wall frames and stairwell,Lab,Hour,62.5,2
Ground floor framing,Set out and mark out new wall frames.,Lab,Hour,64.09,2
Ground floor framing,Site Meeting,Lab,ea,68.85,1
Ground floor framing,Structrfloor flooring 3600 X 800 X 19MM internal floor,Mat,m2,65.0,1
Ground floor framing,Structrfloor flooring 3600 X 800 X 19MM internal floor extension,Mat,m2,586.47,1
Ground floor framing,Studs (90x45 MGP12 with 3m STUDS - FRAMING RECIPE),Mat,each,1003.1,1
Ground floor framing,Studs (Framing 3.0m x 90 x 35 Load bearing),Mat,each,19.5,1
Ground floor framing,Studs (Junctions and Jambs 2.7m 90 x 35 mgp12),Mat,each,17.68,1
Ground floor framing,Studs (Junctions and Jambs 3m 90 x 35 MGP 12),Mat,each,745.62,1
Ground floor framing,Studs (LOADBEARING 90x45 MGP12 with 3m STUDS - FRAMING RECIPE),Mat,each,620.19,1
Ground floor framing,TP timber column,Mat,Allowance,381.7,1
Ground floor framing,Top Plate (Framing 3.0m x 90 x 35 Load bearing),Mat,lm,449.44,1
Ground floor framing,Top plate (90x45 MGP12 with 3m STUDS - FRAMING RECIPE),Mat,lm,8.5,1
Ground floor framing,Top plate (LOADBEARING 90x45 MGP12 with 3m STUDS - FRAMING RECIPE),Mat,lm,8.5,1
Ground floor framing,Use recycled timbers for the pergola's where possible,Mat,Allowance,970.0,1
Hire Items and Scaffolding,"Delivery, install, dismantle, removal of full perimeter scaffold with a top working deck height approximately 1 metre down from roof line and 2 metres of handrail for edge protection and additional working decks in 2 m increments",Sub,Allowance,2451.28,1
Hire Items and Scaffolding,"Miscellaneous hire equipment concrete cutting saw, tools and machinery",Mat,ea,406.99,1
Hire Items and Scaffolding,Miscellaneous hire equipment tools and machinery,Mat,Allowance,195.94,2
Hire Items and Scaffolding,Propping and lifting equipment,Eq,Week,79.6,1
Hire Items and Scaffolding,Roof edge protection system installation,Mat,lm,25.0,1
Hire Items and Scaffolding,Tarp Hire,Eq,Allowance,208.38,2
Hire Items and Scaffolding,Temp Power Pole including erection,Eq,Ea,300.0,1
Hire Items and Scaffolding,"Temp site fence hire including erection & dismantle,",MatLab,Allowance,66.22,2
Hire Items and Scaffolding,"Temp site fence hire including erection & dismantle, pool fence",MatLab,lm,65.0,1
Hire Items and Scaffolding,Temporary Power Pole per week,Eq,Week,775.0,1
Hire Items and Scaffolding,"Trestles and plank systems, scaffold hire, edge protection including erecting and dismantle",Eq,Allowance,333.04,2
House raising and shifting,Additional steel beam and two posts added to house structure as per engineering advice,Mat,Allowance,3093.0,1
House raising and shifting,"Lift house, Install structural steel member's as per engineering plans,",Sub,ea,19154.55,1
Insulation,BETWEEN FLOORS INSULATION (UNDER FIRST FLOOR NEW DECK ONLY- AS MARKED ON PLAN),Mat,Ea,225.4,1
Insulation,BREATHER TAPE UP,Mat,each,250.0,1
Insulation,Between floor insulation batts R2.5 HD Acoustic,Sub,each,964.03,2
Insulation,Ceilings -  Batts ceiling - glasswool - R 3.0 - 140mm thick,Lab,m2,13.38,1
Insulation,Delivery,Sub,Ea,80.0,1
Insulation,EXTERNAL WALL INSULATION (TO NEW ONLY)- AS MARKED ON PLAN,Mat,Ea,955.8,1
Insulation,External wall insulation batts to new only R1.5,Sub,each,856.0,2
Insulation,FIRST FLOOR WALL WRAP (TO NEW ONLY),Sub,each,371.0,1
Insulation,FLASHING 300mm,Sub,each,90.0,1
Insulation,FLOOR INSULATION BETWEEN GROUND & FIRST FLOOR (NO OVERHANGS - AS MARKED ON PLAN),Mat,Ea,1372.0,1
Insulation,GROUND FLOOR WALL WRAP (TO NEW ONLY),Sub,each,151.02,1
Insulation,"INTERNAL WALL INSULATION (TO FIRST FLOOR BED 2,3 & BATH- AS MARKED ON PLAN)",Mat,Ea,429.3,1
Insulation,"INTERNAL WALL INSULATION (TO GROUND FLOOR BED 4, MPR, L'DRY & BATH- AS MARKED ON PLAN)",Mat,Ea,612.6,1
Insulation,Internal Walls - Supply & Install Wall Batts,Lab,m2,9.58,1
Insulation,NO ENERGY EFFICIENCY REPORT SUPPLIED WITH PLANS. ASSUMED R2.0 (90mm) Glass wool Insulation Batts to suit all external wall areas.,Sub,m2,191.8,1
Insulation,NO ENERGY EFFICIENCY REPORT SUPPLIED WITH PLANS. ASSUMED R2.0HD (75mm) Glass wool Insulation Batts to suit all between floor areas,Sub,m2,345.91,1
Insulation,NO ENERGY EFFICIENCY REPORT SUPPLIED WITH PLANS. ASSUMED R2.5 (140mm) Glass wool Insulation Batts to suit all ceiling areas below a roof,Sub,m2,939.02,1
Insulation,OPTION 3 Quote Number: T06899,Sub,Allowance,6615.44,1
Insulation,Perimeter Walls - Supply & Install Wall Batts,Lab,m2,9.58,1
Insulation,R 1.5 EXTERNAL WALL INSULATION (TO NEW ONLY),Mat,each,637.56,1
Insulation,R 2.0 BETWEEN FLOORS INSULATION (UNDER FIRST FLOOR NEW DECK ONLY),Mat,each,190.75,1
Insulation,"R 2.5 HD ACOUSTIC INTERNAL WALL INSULATION (TO BEDROOMS, L'DRY & BATH - NEW WALLS ONLY)",Mat,each,87.23,1
Insulation,R 3.0 ROOF INSULATION ONLY (TO NEW ONLY AS MARKED ON DRAWING),Mat,each,272.7,1
Insulation,R 5.0 FLOOR INSULATION BETWEEN GROUND & FIRST FLOOR (NO OVERHANGS),Mat,each,1176.0,1
Insulation,ROOF INSULATION ONLY (TO NEW ONLY AS MARKED ON DRAWING),Mat,Ea,379.8,1
Insulation,Roof insulation batts only to new only R3.5,Sub,each,170.0,2
Insulation,STRINGINGS,Mat,each,231.4,1
Int. Cleaner,Internal professional clean including windows on completion,Sub,Ea,475.29,3
Int. Cleaner,Internal professional clean including windows on completion,Mat,Ea,928.9,1
Int. Cleaner,Internal professional clean including windows on completion. Estimated,Sub,Allowance,2000.0,1
Int. Cleaner,Professional Cleaning. Actual,Sub,Allowance,1876.0,1
Internal Linings,"Adjust and move bulkhead in hallway, outside of bathroom into hallway to allow for ductwork into media room",MatLab,each,580.0,1
Internal Linings,Bed 3. Remove picture rail and replace 9 VJ boards with joints and replace with recycled VJ,MatLab,Allowance,75.0,1
Internal Linings,Built Homes Labour to install Plasterboard Sheeting in Garage,Lab,ea,69.35,1
Internal Linings,"Install HMR MDF VJ sheets to kitchen/pantry interior walls & MDF VJ sheets to dining/lounge, bed 2&3",Lab,Hour,58.63,1
Internal Linings,Lower bathroom ceiling to be changed to 2400mm to allow for AC ductwork,MatLab,each,1160.0,1
Internal Linings,Lower hallway / entry bulkhead to be removed / raised to match main hallway height. (Bulkhead at stairs),MatLab,each,580.0,1
Internal Linings,Master suite western wall insulation,MatLab,Allowance,87.84,1
Internal Linings,Raise laundry ceiling height to match hallway side. Approximately 2620mm,MatLab,each,1160.0,1
Internal Linings,Supply HMR MDF VJ sheets to interior walls in kitchen/pantry,Mat,Ea,146.06,1
Internal Linings,"Supply Regular Moisture Resistant MDF VJ sheets to dining/lounge, bed 2&3",Mat,Ea,2683.84,1
Internal Linings,"Supply, Fix, Set and finish, 10mm SpanShield to Ceilings on ground floor and first floor",Sub,Allowance,2946.68,1
Internal stairs,Supply and install internal stair and balustrade,Sub,each,8222.0,3
Internal stairs,Supply and install internal stair and balustrade,Mat,each,2990.0,1
Internal stairs,overlay in European Oak flooring and polished to match in with the upper level flooring,Mat,Allowance,4988.0,1
Joinery,Addition of 3x drawers to master WIR cabinetry,Sub,Allowance,500.0,1
Joinery,Back Charge for Dishwasher Hose -,Mat,ea,73.97,1
Joinery,Bay Window Box in media room,Sub,Allowance,1327.27,1
Joinery,Bedroom three cabinetry,Sub,Allowance,2000.0,1
Joinery,Bedroom two cabinetry,Sub,Allowance,7454.54,1
Joinery,"Build and install cabinetry as stated requested in the plans and schedule. EXCLUDED IN THIS CATEGORY. APPLIANCES, SINKS, TAPS, ELECTRICAL, PLUMBING, SPLASHBACKS, DUCTING RANGEHOOD, MIRRORS, BULKHEADS, LOWER LEVEL LINEN",Sub,Allowance,1.0,1
Joinery,General inclusions: - 2 Pack double step door - Blum hinges - DTC soft closing drawers - Builders range handles - Standard white melamine carcass - Upholstered seating allowance is pending material selection.,Mat,each,1.0,1
Joinery,Hand painting allowance. Base labour rate $75 p/h excluding mark up and gst.,MatLab,Allowance,8177.5,1
Joinery,Hand painting allowance. Base labour rate $75 p/h excluding mark up and gst.,Mat,Allowance,4355.0,1
Joinery,INSTALLING TIMBER FLOATING SHELVES,Mat,ea,63.51,1
Joinery,Install Ikea cabinets into built robe s in bedrooms,Mat,ea,65.0,2
Joinery,Install Rangehood and duct,Lab,Hour,75.0,1
Joinery,Install benchtop surface protection,Mat,ea,38.55,2
Joinery,Kitchen and pantry,Sub,Allowance,30727.27,1
Joinery,Labour and materials to paint ladder to match flooring,MatLab,ea,300.0,1
Joinery,Library cabinetry,Sub,Allowance,11363.63,1
Joinery,Linen cabinetry,Sub,Allowance,3000.0,1
Joinery,Master walk in robe cabinetry,Sub,Allowance,7181.81,1
Joinery,"Measure, supply and install BBQ as per Starkey and Christoe Plans. Includes upholstered seat.",Sub,Ea,5874.44,2
Joinery,"Measure, supply and install Entry cabinet as per Starkey and Christoe Plans. Includes upholstered seat.",Sub,Ea,4477.53,2
Joinery,"Measure, supply and install Laundry as per Starkey and Christoe Plans.",Sub,Ea,5934.6,2
Joinery,"Measure, supply and install Linen as per Starkey and Christoe Plans.",Sub,each,4222.49,2
Joinery,"Measure, supply and install Living as per Starkey and Christoe Plans.",Sub,each,4085.91,2
Joinery,"Measure, supply and install doors only to 4 x bedroom robes. Allowance is for 4 x even doors to suit opening 2000W x 2350H from jam to post. Post to be installed by builder. INCLUSIONS: - Standard Blum hinges - 2 Pack double step doors",Sub,each,2656.72,2
Joinery,"Measure, supply and install stone to BBQ. - 40mm Caesarstone Palm Shade - Includes 350mmH splashback",Mat,each,7716.0,2
Joinery,"Measure, supply and install stone to Laundry and Ikea unit. - 40mm Caesarstone Pure White",Mat,each,3360.0,2
Joinery,Mudroom cabinetry,Sub,Allowance,7181.81,1
Joinery,New Item,Mat,quantity,74053.1,2
Joinery,"OPTION NOT CURRENTLY INCLUDED. Above in 20mm/40mm Colonial White Granite - $5,520 Above in 30mm Colonial White Granite - $6,024",Mat,each,1.0,1
Joinery,Pick up materials from Access Ladders in Lawnton,Mat,ea,75.0,1
Joinery,Provisional Sum  lower bathroom vanity,MatLab,each,3000.0,2
Joinery,Provisional Sum  lower bed 4 walk in robe,Mat,each,5000.0,2
Joinery,Provisional Sum  lower bed 5 walk in robe,Mat,each,5000.0,2
Joinery,Provisional Sum  lower laundry / bar,Sub,each,50000.0,2
Joinery,Provisional Sum  lower storage cupboard,Mat,ea,2500.0,2
Joinery,Provisional Sum  lower water closet vanity,Sub,each,1000.0,2
Joinery,Provisional Sum Upper Ensuite vanity,Sub,Ea,4000.0,2
Joinery,Provisional Sum Upper Walk in Robe,Sub,each,15000.0,2
Joinery,Provisional Sum Upper bathroom vanity,Sub,Ea,3000.0,2
Joinery,Provisional Sum allowance for Master Bedroom bookshelf as requested by clients. Not specified in plans,Sub,Allowance,418.18,1
Joinery,Provisional Sum allowance for Media Room cabinetry as requested by clients. Not specified in plans.,Sub,Allowance,7900.0,1
Joinery,Provisional Sum for stone benchtops due to regulation change.,Sub,Allowance,24045.0,2
Joinery,Provisional Sum upper kitchen,Sub,Ea,36178.79,2
Joinery,REVISED and ADJUSTED Starkey & Christoe quote and working drawings,Mat,Allowance,15676.56,1
Joinery,"Stair storage door in white satin to be painted by others. Includes hinges, push to open and install.",MatLab,each,278.68,2
Joinery,Supply and install 3x drawers to internal of pantry,Sub,Allowance,555.55,1
Joinery,Supply and install 4x drawers to Bed 3 WIR,Sub,Allowance,555.55,1
Joinery,Supply and install Symetra Laundry System 2x 35L laundry hamper.,Sub,Allowance,487.89,1
Joinery,Supply and install Talostone splashback to powder room basin,Sub,Allowance,555.55,1
Joinery,"Supply, and install library ladder by Access Ladders",Sub,ea,3527.27,1
Joinery,Vanity units x 4 and 1 x shaving cabinet,Sub,Allowance,17090.9,1
Laundry Renovation,"Demolish existing laundry. Cabinetry, wall linings, floor coverings, shelving. Remove linen wall - assumed non load bearing wall.",Lab,hr,65.4,1
Laundry Renovation,Floor Waste x1,Mat,Allowance,50.0,1
Laundry Renovation,Labour to lay floor tiles,Sub,m2,120.0,1
Laundry Renovation,Labour to lay skirting tile,Sub,lm,60.0,1
Laundry Renovation,Labour to lay splash back tiles,Sub,m2,120.0,1
Laundry Renovation,Provision Sum for plumbing fit off and to relocate sink and taps if required,MatLab,Allowance,500.0,2
Laundry Renovation,Provisional Sum Allowance to powder coat barn door track,Sub,Allowance,700.0,2
Laundry Renovation,Provisional Sum for cabinetry. Subject to drawings/specification. Price based on cabinet makers hand sketch (in specifications) with approximate sizes.,Sub,Allowance,5172.73,1
Laundry Renovation,Provisional Sum to hand paint cabinetry,MatLab,Allowance,2000.0,1
Laundry Renovation,Sink x1,Mat,Allowance,300.0,1
Laundry Renovation,Supply and install waterproofing to floor.,Mat,m2,600.0,1
Laundry Renovation,Supply floor tiles,Mat,m2,343.0,2
Laundry Renovation,Supply skirting tile,Mat,m2,50.0,2
Laundry Renovation,Supply splash back tiles Allowed for 600mm high.,Mat,m2,50.0,2
Laundry Renovation,"Supply, install, set and sand wall linings with square set ceilings",Sub,Allowance,920.0,1
Laundry Renovation,Tap set x1,Mat,Allowance,200.0,2
Laundry Renovation,Update laundry door with VJ grooves,MatLab,Allowance,52.5,1
Laundry Renovation,Washing Machine Taps,Mat,Allowance,120.0,2
Lockup Carpenter,4.5mm hardiflex soffit supplied and installed including beading,MatLab,lm,89.24,1
Lockup Carpenter,"Allowance for flashings to all new windows and change in cladding on the Eastern wall, replace exist flashing over Shadowclad",Mat,Allowance,207.36,1
Lockup Carpenter,Build in carport section as per clients design including bracing and fine texture cladding. paint with 1 coat of undercoat and two coats of top coat to match new colour scheme,MatLab,Ea,81.57,1
Lockup Carpenter,"Entrance door and two sidelights Vaucluse Premier 2040 x 820 Duracoat xvp11, door jamb, hinges, sill, entrance handle set and door knocker",MatLab,Allowance,438.69,1
Lockup Carpenter,FIXINGS AND CONSUMABLES,Mat,ea,62.61,2
Lockup Carpenter,FRONT DOOR CHANGE,Mat,Allowance,2578.84,1
Lockup Carpenter,"Front gable and upper bay window roof replacement including electrical mains disconnect, strap and hold cabling and reconnect",MatLab,Allowance,357.92,1
Lockup Carpenter,Front roof gable Infill,MatLab,Ea,65.0,1
Lockup Carpenter,Install 66x18mm H3 FJ Pine Batten to new eaves.,Lab,Hour,75.0,1
Lockup Carpenter,Install Aluminium windows and door,Lab,Hour,65.0,2
Lockup Carpenter,Install Shadowclad to new Southern and Eastern lower level external walls.,Lab,Hour,75.0,1
Lockup Carpenter,Install custom made CHAMFER FJ PINE H3 PRIMED 240 x 20 cladding. (suppliers have not recommended 240mm board due to risk of cuppage and warpage),Lab,Hour,69.06,1
Lockup Carpenter,Install exterior VJ sheeting to verandah ceiling. Including battening ceiling for sheet spacings and installing mouldings.,Lab,Hour,65.98,1
Lockup Carpenter,Install frames on two sides of the carport to allow for new Blueboard and rendered bulkhead to hide garage door tracks,Lab,Hour,60.0,1
Lockup Carpenter,Install frames on two sides of the carport to allow for new Blueboard and rendered bulkhead to hide garage door tracks and paint to match colour scheme,MatLab,Ea,2140.0,1
Lockup Carpenter,"Install stops, moldings, cover strips,",Lab,Hour,58.5,2
Lockup Carpenter,Install timber windows and doors,Lab,Hour,60.79,1
Lockup Carpenter,Labour,Lab,Hour,74.55,1
Lockup Carpenter,"Labour to install cladding (Supply and Install. PRIMELINE WEATHERBOARD - 4200 x 300mm HERITAGE cladding,)",Mat,m2,65.0,1
Lockup Carpenter,Lock Up hardware,Mat,Allowance,92.53,2
Lockup Carpenter,"Materials, consumables and deliveries, disposal of refuse",Mat,Allowance,90.63,1
Lockup Carpenter,No ceiling allowed for open store area and under croft,Mat,Allowance,1.0,1
Lockup Carpenter,PLASTIC UP OUTSIDE TO PROTECT FROM WEATHER,Mat,ea,77.38,1
Lockup Carpenter,"PRIMELINE WEATHERBOARD - 4200 x 300mm HERITAGE cladding, (Supply and Install. PRIMELINE WEATHERBOARD - 4200 x 300mm HERITAGE cladding,)",Mat,m2,228.62,1
Lockup Carpenter,Pine post wrap to 4x steel posts and install 4x new timber posts.,MatLab,Allowance,116.58,1
Lockup Carpenter,"Provision to spend time on Restoration or upgrade of existing including windows and doors to prepare for painting. Scrape back and plane edges for good clearance. Replace friction sliders if required. Bog, Patch and pre prime as required for painting.",MatLab,Allowance,68.9,2
Lockup Carpenter,"Provision to spend time on restoring or upgrading existing cladding, windows, doors and other unforseen items requiring rectification. Bog, patch and pre prime as required for painting.",MatLab,Allowance,1008.8,2
Lockup Carpenter,Rekey external door locks,MatLab,Allowance,94.54,1
Lockup Carpenter,Replace 2 x bubbling soffit sheets out the front of bedroom two,MatLab,Allowance,66.63,1
Lockup Carpenter,Replace bubbling soffit sheets,MatLab,Allowance,970.79,1
Lockup Carpenter,Silicone ensuite shower screen and patch tile in ensuite niche,Sub,each,300.0,1
Lockup Carpenter,Soffit and Fascia,Mat,ea,76.6,1
Lockup Carpenter,"Stainless Steel DA nails (Supply and Install. PRIMELINE WEATHERBOARD - 4200 x 300mm HERITAGE cladding,)",Mat,m2,3.2,1
Lockup Carpenter,"Stops, moldings, cover strips, jambs and sills",Mat,Allowance,106.94,2
Lockup Carpenter,Supply 66x18mm H3 FJ Pine Batten to new eaves.,Mat,lm,136.41,1
Lockup Carpenter,Supply Shadowclad to new Southern and Eastern lower level external walls.,Mat,m2,1516.53,1
Lockup Carpenter,Supply and Install FC infill either side of W21,Mat,Allowance,185.77,1
Lockup Carpenter,"Supply and Install. CHAMFER FJ PINE H3 PRIMED 77 x 20 cladding,",MatLab,m2,124.8,1
Lockup Carpenter,"Supply and install ""WH1"" style window hoods with flashings",MatLab,Allowance,71.74,1
Lockup Carpenter,Supply and install roof gable decorative battening.,MatLab,Allowance,80.4,1
Lockup Carpenter,Supply and install verandah brackets,MatLab,Allowance,124.18,1
Lockup Carpenter,Supply custom made CHAMFER FJ PINE H3 PRIMED 240 x 20 cladding.,Mat,lm,7500.0,2
Lockup Carpenter,Supply exterior VJ sheeting to verandah ceiling. Maximum length of 3660mm available won't span full length of verandah. 9mm dowel at joins as per architects notes/electrical plan,Mat,m2,844.02,1
Lockup Carpenter,Window Hoods,Lab,ea,44.05,2
Mechanical Services,2 x Downstairs outlets,Mat,each,420.0,1
Mechanical Services,"Change return air vent covers from ""eggcrate"" design to louvred design.",Sub,Allowance,170.0,1
Mechanical Services,Daikin Inverter wall mounted reverse cycle split system air conditioner supplied and installed on back wall (outdoor unit directly behind) FTXV90WVMA/RXV90WVMA Cooling - 9.0kw (2.0 - 11.2kw capacity range) Heating - 10.3kw (1.9 - 12.0kw capacity range),Sub,Allowance,2020.0,1
Mechanical Services,PRICE EXCLUDES - 3 phase electrical supply and isolator to outside unit - Poured concrete slab for outdoor unit if required - Bulkhead and dropper construction,Sub,ea,1.0,1
Mechanical Services,SUBJECT TO SITE VISIT. Daikin Inverter 3 phase Reverse Cycle Ducted Air Conditioner supplied and installed Cooling capacity 18.0kw (9.0 - 18.0kw capacity range) Heating capacity 20.0kw (10.0 - 20.0kw capacity range),Sub,Ea,6703.2,1
Mechanical Services,SUBJECT TO SITE VISIT. Daikin Inverter 3 phase Reverse Cycle Ducted Air Conditioner supplied and installed Cooling capacity 18.0kw (9.0 - 18.0kw capacity range) Heating capacity 20.0kw (10.0 - 20.0kw capacity range),Mat,Ea,9.59,1
Mechanical Services,"Supply and install, Daikin Inverter reverse cycle ducted air conditioner system",MatLab,each,11900.0,1
Mechanical Services,iZone upgrade WIFI and 4G remote control Temperature controlled zones and two additional sensors downstairs,Mat,Allowance,1740.0,1
Misc Jobs,CLOTHESLINE,Lab,ea,65.0,1
Misc Jobs,DEMOLISH ROBINS STAIRS,Lab,ea,65.0,1
Misc Jobs,Floor packing in prep for flooring,Lab,ea,65.0,1
Misc Jobs,Front Deck Gate Repair,Lab,ea,65.0,1
Misc Jobs,Garage bearer raised and integrated into joists,Lab,ea,70.0,1
Misc Jobs,Grind Concrete slab in prep for flooring,Lab,ea,65.0,1
Misc Jobs,LED STRIP LIGHTING,Lab,ea,65.0,1
Misc Jobs,Landscaping,Lab,ea,50.71,1
Misc Jobs,"Misc Jobs - Pick-ups, moving furniture and equipment",Lab,Hour,64.26,1
Misc Jobs,Steel post restoration,Lab,ea,45.0,1
PAINTING,EXTERNAL CLADDING,Lab,ea,46.55,1
PAINTING,EXTERNAL WINDOWS AND DOORS,Lab,ea,51.01,1
PAINTING,"GUTTERS, FASCIAS AND SOFFIT",Lab,ea,55.0,1
PAINTING,HOUSE WASH,Lab,ea,55.0,1
PAINTING,PAINT AND CONSUMABLES,Mat,ea,64.16,1
PAINTING,PAINT LABOUR AND MATERIALS ESTIMATE,MatLab,Allowance,272.31,1
Painting,Inclusions in specifications to be confirmed,Mat,Allowance,1.0,1
Painting,Materials and labour for prepping and priming exposed steel posts,MatLab,Allowance,1.0,1
Painting,Nightingale Painting,Sub,ea,10900.0,1
Painting,Painter - External 1 coat of primer / sealer / undercoat two coats Dulux Weathershield,Lab,Hour,65.3,2
Painting,Painter - External Carport and screens. 1 coat of metal primer / sealer / undercoat and two coats Dulux Weathershield,Lab,Hour,57.39,1
Painting,"Painter - External Front of house patch and repairs to fascia's and soffits, prepare and paint windows and French doors, 1 coat of primer / sealer / undercoat two coats Dulux Weathershield",Lab,Hour,55.0,1
Painting,"Painter - External existing sides of house patch and repairs prepare and paint windows, 1 coat of primer / sealer / undercoat two coats Dulux Weathershiel",Lab,Hour,55.0,1
Painting,"Painter - External house, patch and repairs to cladding, fascia's and soffits, prepare and paint windows and French doors,",Lab,Hour,83.96,1
Painting,Painter - Internal 1 coat of primer / sealer / undercoat two coats Dulux Wash and Wear.  To new works,Lab,Hour,65.01,2
Painting,"Painter - Internal patch and repairs prepare and paint, 1 coat of primer / sealer / undercoat two coats Dulux Wash and Wear to existing bedrooms and robes",Mat,Hour,55.0,1
Painting,"Painter - Internal patching, prepping and repairs",Lab,Hour,75.0,1
Painting,"Painting existing back and side fence. Include wash down, prep and paint with two coats of Dulux Weathershield. Pending neighbour approval to hold overspray barrier up on neighbour side",MatLab,Allowance,75.0,1
Painting,"Painting products, materials and consumables",Mat,Allowance,191.47,1
Painting,"Painting products, materials and consumables.",Mat,Allowance,168.14,1
Painting,Painting sliding door D02,Mat,each,300.0,1
Painting,Patching and painting fascia due to spotlight relocation,Lab,Allowance,300.0,1
Painting,Supply & Apply - All new & Existing work,Lab,m2,190.0,1
Plasterer,10mm SpanShield to Ceilings throughout ground floor and Liv/kit/din/hall/new linen/WIR/ens/bath/WC & deck ceiling to first floor 10mm MastaShield to walls throughout ground floor and on first floor.,Sub,Allowance,2080.64,1
Plasterer,303 Metal Ceiling battens @ 450 centres to first floor deck ceiling,Mat,Allowance,1.0,1
Plasterer,6mm Villaboard to bathroom and tap wall in laundry & bath on ground floor + bath & Ensuite on first floor. 90mm Cove Cornice throughout ground floor and where new ceilings are installed on first floor.,Mat,ea,34.55,1
Plasterer,6mm Villaboard to bathroom and tap wall in laundry on ground floor only,Mat,Allowance,1.0,1
Plasterer,90mm Cove Cornice throughout ground floor and Kit/din/entry/new cupboards on first floor,MatLab,Allowance,1.0,1
Plasterer,A128 Ornamental Cornice to rooms highlighted on attached Cornice SOW's plans,MatLab,Allowance,8389.0,1
Plasterer,Bed 2 and 3 ceilings,Sub,Allowance,3591.0,1
Plasterer,Below 4 options combined will achieve best results for the sound proofing required (Acoustic insulation by others and not included),Mat,ea,1.0,1
Plasterer,Ceiling Rose,Mat,Allowance,350.0,1
Plasterer,Cornice - to match existing  (supply/ fix/ set & sand) - adjust accordingly,Lab,Lm,19.8,1
Plasterer,"New plastering to bed 2, 3 and bathroom",Mat,Allowance,5284.0,1
Plasterer,"Option - 2nd layer of 10mm SpanShield to ground floor ceilings (excluding store room) add $1,342.44 including gst",Mat,ea,1.0,1
Plasterer,"Option - Cost difference for 10mm SoundStop plasterboard to walls as highlighted in attached SOW's plans add $1,969.45  including gst",Mat,ea,1.0,1
Plasterer,"Option - Resilient Mount Clips add $2,653.20 including gst",Mat,ea,1.0,1
Plasterer,"Option - Suspended ceiling to ground floor add $4,956 including gst",Mat,ea,1.0,1
Plasterer,Patch & repair existing as required,Lab,Allowance,33.0,2
Plasterer,Plasterboard and setting - standard - 10mm thick - fix to ceiling,Lab,m2,48.03,1
Plasterer,Square set ceiling to raked ceiling in living room,Mat,Allowance,1.0,1
Plasterer,Supply & Install AFS5 fire surround as specified,Mat,Allowance,1.0,1
Plasterer,Supply & Install AR10 500mm diameter ceiling rose as specified,Mat,each,1.0,1
Plasterer,"Supply, Fix, Set and finish, 10mm MastaShield to walls throughout ground floor and Liv/kit/din/entry/new cupboards on first floor",MatLab,Allowance,1.0,1
Plasterer,"Supply, Fix, Set and finish, 10mm SpanShield to Ceilings throughout ground floor and Liv/kit/din/entry/new cupboards & deck ceiling to first floor",Sub,Allowance,14820.0,1
Plasterer,Total Area - Supply and Install - Plasterboard and setting - standard - 10mm thick - fix to wall,Lab,m2,46.2,1
Plasterer,VJ Installation,Lab,ea,65.0,1
Plasterer,VJ SHEETING,Mat,ea,71.24,1
Plumber,1. Supply and installation of 1x extra down pipe,Sub,Allowance,281.81,1
Plumber,10. Had to extend exisitng dry floor waste pipe by 2 lengths of pipe as found level was above outlet.,Sub,Allowance,163.63,1
Plumber,11. 24 Flood guards,Sub,Allowance,600.0,1
Plumber,12. To disconnect and existing copper pipe on front left post and excavated and extended water main externally on front left corner up to side of house as requested to allow for timber work.,Sub,Allowance,354.54,1
Plumber,7. Air con pipe to storm water pit,Sub,Allowance,154.54,1
Plumber,9. Extra time and drain cleaner use to clear existing storm water and sewer drains at front of house. These were both blocked when we tried to connect new pipes into them.,Sub,Allowance,454.54,1
Plumber,Allowance to install a new gas service from the gas bottles to the fire place and to the BBQ area. Each connection to be terminated with a capped ball valve. We have allowed to reconnect the existing cooktop and HWU to the new gas service.,MatLab,Ea,2479.5,1
Plumber,Apprentice labour to dig trenches where machine could not access,Lab,Hour,45.0,1
Plumber,CCTV and location of stormwater drain.,Sub,ea,158.64,1
Plumber,Carpenters labour to help remove tree stumps along fence line with plumbers machine,Lab,Hour,75.0,1
Plumber,Draw additions to sewer drains and Submit and pay form 4 to QBCC,Sub,Allowance,150.0,1
Plumber,"Excavation Allowance for stormwater alterations, sewer connection for front bathroom.",Sub,Allowance,1200.0,1
Plumber,Ground storm water upgrade,Mat,ea,66.87,1
Plumber,Hot Water System Upgrade,Sub,each,881.42,1
Plumber,Labour to hand excavate around gas line by apprentice carpenter.,Lab,Hour,45.0,1
Plumber,Labour to hand excavate around gas line by plumbers.,Lab,Allowance,600.0,1
Plumber,"Provide Hot & Cold water services, Drainage and storm water system",Sub,Ea,6852.16,1
Plumber,"Provide Hot & Cold water services, Drainage and storm water system including tank and overflow system to the street from tank",Sub,Ea,10759.25,1
Plumber,RIVER GRAVEL FOR DRAINAGE,Mat,ea,678.45,1
Plumber,Service Location,Sub,Allowance,460.0,1
Plumber,Supply and install sump drains in ground level coloured concrete slab,Mat,each,4.19,1
Plumber,To Install new 20mm PEX hot and cold water pipe from existing copper pipes internally and run to new main supply to new front bathroom.,Sub,Allowance,1500.0,1
Plumber,To excavate and supply and install new storm water pipes from existing storm water drains at house and connect to new down pipe locations To supply and install 10 new 90mm pvc down pipes to ground level connecting to new storm water. To back fill trenches,Sub,Allowance,3500.0,1
Plumber,To excavate existing sewer in front left corner of house and make connection and install new 100 elevated pipework for new bathroom at front of house.,Sub,Ea,5746.98,1
Plumber,"VARIATION #001 - AS LISTED IN 15.6,15.7,15.8,15.9",Sub,ea,2774.27,1
Plumber,VARIATION #002 - Extra over costs to supply a pop down brushed gold bath waste in lieu of a stand chrome bath connector. The plug and waste supplied was not fit for purpose.,Sub,ea,115.64,1
Plumber,Water tank steel slim Kingspan 6000L,Mat,Ea,2276.55,1
Plumber,Water tank steel slim Kingspan 6000L cost difference as per prime costs,Mat,Ea,236.64,1
Plumbing & Drainage,Disconnect/Reconnect Water Tank,Lab,each,440.0,1
Plumbing & Drainage,Domestic - Bath -  Drainage Point,Lab,each,770.0,1
Plumbing & Drainage,Domestic - Bath - Connection,Lab,each,440.0,1
Plumbing & Drainage,Domestic - Dishwasher Connection,Lab,each,330.0,1
Plumbing & Drainage,Domestic - Floor Waste - Connection,Lab,each,440.0,1
Plumbing & Drainage,Domestic - Floor Waste - Drainage Point,Lab,each,770.0,1
Plumbing & Drainage,Domestic - Hose Taps,Lab,each,110.0,1
Plumbing & Drainage,Domestic - Hourly Rate - Demo Set up toilets water etc,Lab,hr,110.0,1
Plumbing & Drainage,Domestic - Kitchen Sink - Connection,Lab,each,440.0,1
Plumbing & Drainage,Domestic - Kitchen Sink - Drainage Point,Lab,each,770.0,1
Plumbing & Drainage,Domestic - Laundry - Washing Machine Stops,Lab,each,121.0,1
Plumbing & Drainage,Domestic - Laundry Tub - Connection,Lab,each,440.0,1
Plumbing & Drainage,Domestic - Laundry Tub - Drainage Point,Lab,each,770.0,1
Plumbing & Drainage,Domestic - Shower - Connection,Lab,each,440.0,1
Plumbing & Drainage,Domestic - Shower - Drainage Point,Lab,each,770.0,1
Plumbing & Drainage,Domestic - Site Tap,Lab,each,110.0,1
Plumbing & Drainage,Domestic - Stormwater - Connection to Street,Lab,each,480.0,1
Plumbing & Drainage,Domestic - Stormwater - Drainage Point,Lab,each,450.0,1
Plumbing & Drainage,Domestic - Stormwater Pit,Lab,each,450.0,1
Plumbing & Drainage,Domestic - Temper Valve,Lab,each,185.0,1
Plumbing & Drainage,Domestic - Toilet - Connection,Lab,each,440.0,1
Plumbing & Drainage,Domestic - Toilet - Drainage Point,Lab,each,770.0,1
Plumbing & Drainage,Domestic - Vanity - Connection,Lab,each,440.0,1
Plumbing & Drainage,Domestic - Vanity - Drainage Point,Lab,each,770.0,1
Plumbing & Drainage,Domestic - Water feed - Fridge,Lab,each,88.0,1
Plumbing & Drainage,Downpipes - Quality - including connection and underground stormwater,Lab,each,550.0,1
Plumbing & Drainage,Plumber to make safe/ underslab drainage etc,Lab,each,5500.0,1
Plumbing - Fixtures & Fittings,See Attached Spreadsheet,Mat,PC,18218.0,1
Plumbing - Gas,Gas supply - complete - copper - in house - l2m run to hotplate or heater - 15mm & 20mm diamete,Lab,each,464.54,1
Plumbing - Gas,Hot Water Systems - Rinnai Infinity 26 Gas Instantaneous - 24/26Ltr,Mat,each,1310.0,1
Pool,Add a pool ledge to the western wall of the pool shell. Full length of the pool and a continuation of the second step,MatLab,Ea,1313.65,1
Pool,Astral CA340 filter with glass media,Mat,each,954.55,1
Pool,Astral P320 variable speed pump with 3 year warranty,Mat,each,1545.45,1
Pool,CPR Sign,Mat,each,22.72,1
Pool,Concrete pool shell,MatLab,m2,8544.66,1
Pool,Concrete pump,Eq,Allowance,1000.0,1
Pool,"Coordination and management on site with trades and engineer, correspondence, find supplier for stainless steel dowel.",Lab,Hour,65.0,1
Pool,Electrical works including pool light timer,Sub,Allowance,1.0,1
Pool,Enclosure for pool equipment with liftable lid for maintenance access,Mat,m2,2589.27,2
Pool,Glass to include being coated with Enduro Shield,Sub,each,1.0,1
Pool,"Installation of pool pump, heater and equipment",Mat,each,872.72,1
Pool,Magnapool Minerals 10kg,Mat,each,636.36,1
Pool,Matronics DB2 robot with 3 year warranty,Mat,each,1909.1,1
Pool,"PC Allowance, pool coping and waterline tiles",Mat,Allowance,1854.95,1
Pool,"Pebblecrete. Standard Pebble, LAGUNA, (Turquoise Water )",Sub,Allowance,3454.0,2
Pool,Pool Brush,Mat,each,26.36,1
Pool,Pool Scoop,Mat,each,26.36,1
Pool,Pool blanket Daisy 525 Titanium Green,Mat,each,772.73,1
Pool,Pool blanket roller Eilite rollers,Mat,each,754.55,1
Pool,Pool fencing temporary hire,Eq,Allowance,201.51,1
Pool,Pool heater,Mat,each,7181.82,1
Pool,"Pool interior at 10 Benecia Street, Wavell Heights. COLOUR – Jade glass bead",Mat,Allowance,6089.0,1
Pool,Pump out Pool,Mat,ea,65.0,1
Pool,Slab for pool equipment enclosure,MatLab,m2,160.0,2
Pool,"Spa electrics lights builders kit - 2 buckets, 2 trims, 2 lights, 2 cables, 50Kwatt transformer",Mat,each,590.9,1
Pool,"Stainless steel dowel connections around pool, recommended by the engineer, supplied and installed",Mat,each,856.01,1
Pool,Supply and install glass pool fencing.,Sub,each,14120.0,1
Pool,Telescopic pool pole 8 - 16 ft,Mat,each,35.45,1
Pool,"Tiling labour, copping and waterline tiles",Lab,lm,3835.0,1
Pool,Zodiac EXO mid IQ chlorinator with 3 year warranty,Mat,each,2000.0,1
Pool Pergola,"Allowance to core holes into existing piers for stirrups as per engineers notes. No allowance for new piers, concrete cutting and disposal or earthworks.",Sub,Allowance,190.0,2
Pool Pergola,"Ceiling sheets, 9mm weatherproof board, grooves facing down. Run East to West",Mat,m2,75.0,1
Pool Pergola,Fascia 240x31,Mat,lm,55.0,1
Pool Pergola,Labour to Undercoat Timber,Lab,ea,46.62,1
Pool Pergola,"Labour to build pergola frame including posts, bearers, rafters and roof battens and fascia",Lab,Hour,70.52,1
Pool Pergola,"Painting labour, paint supplies and consumables. 1x coat oil primer, 2x top coat",MatLab,Allowance,74.11,1
Pool Pergola,R1 170X45 DRESSED F17 HWD,Mat,lm,31.92,1
Pool Pergola,RB2 240X70 DRESSED F17 HWD. Allowed for 2/240x35,Mat,lm,930.0,1
Pool Pergola,Roof batten 45x70 F8 Pine,Mat,lm,37.02,1
Pool Pergola,Set out and mark out pergola position,Lab,Hour,73.13,1
Pool Pergola,"Supply ""T Blade"" Timber post stirrups to engineer details",Mat,ea,939.28,1
Pool Pergola,Supply and install balustrade as per architects details,MatLab,lm,74.15,1
Pool Pergola,"Supply and install roof. Including R2.0 ceiling insulation blanket, Klip Lok roof sheets, gutter, barge roll and edge protection",MatLab,m2,110.78,1
Pool Pergola,Supply and install valance as per architects details,MatLab,lm,61.67,1
Pool Pergola,TP1 & TP2 125X125 3m F14 HWD POST CCA TREATED,Mat,ea,1420.73,1
Preliminaries,Concrete Slab X-ray,Mat,ea,360.0,2
Preliminaries,Consultation with engineer for changes of structural elements,Lab,ea,65.0,1
Preliminaries,"Coordination and management of trades, quantities and suppliers. Consultation with engineer",Lab,Hour,65.0,1
Preliminaries,Engineering fees for inspections,Mat,Ea,430.0,2
Preliminaries,"Engineering fees for inspections. Footings, slabs, Masonry, Framing, site consultation",Sub,Ea,530.0,1
Preliminaries,Engineering inspection credit that has been paid by clients,Mat,each,380.0,1
Preliminaries,Fees - Private Certifier/ Fees Building/ Fees Water/ all Inspections,Lab,each,5150.37,1
Preliminaries,Fees - Residential survey fees - identification/ mark boundaires/ setout building/ certificate,Lab,each,4770.18,1
Preliminaries,Identification Survey Boundary,Sub,ea,2175.0,1
Preliminaries,Labour to manage and coordinate air-conditioning installation.,Lab,Allowance,90.0,1
Preliminaries,Labour to manage and coordinate works.,Mat,Hour,90.0,1
Preliminaries,Labour to set up scaffold for flood light installation and to manage and coordinate works.,Lab,Allowance,90.0,1
Preliminaries,Management and coordination for variation 1,Mat,Hour,90.0,1
Preliminaries,Pre existing property cover insurance policy,Sub,each,2283.59,1
Preliminaries,Project management,Mat,ea,79.95,5
Preliminaries,Project management,Lab,Hour,90.0,1
Preliminaries,Project management and coordination,Lab,Hour,90.0,5
Preliminaries,Project management for electrical variation and security system contractor,Lab,Allowance,90.0,1
Preliminaries,Public liability and construction Insurance,Mat,Ea,4500.0,3
Preliminaries,"QBCC Home Owners Warranty Insurance policy. For renovations, alterations, additions, repairs, extensions, or the construction of a related roofed building such as a shed, carport or similar, or the construction of a swimming pool",Mat,ea,4561.28,4
Preliminaries,QLeave. The total levy rate from 1 July 2020 is 0.575%.,Mat,Ea,4130.0,3
Preliminaries,Site Establishment and Finalisation on Completion,MatLab,ea,73.23,1
Preliminaries,Site Labourer,Lab,Week,63.25,1
Preliminaries,Site Visit/ Design/ Documentation/ Inspections - Fees - Per Project large,Lab,Job,4950.0,1
Preliminaries,Stamp duty,Mat,each,226.08,1
Preliminaries,"Workplace Health and Safety, systems and management, site signage",Mat,Ea,88.48,3
Renderer,"Acrylic Render Finishes. Tinted to colour and texture finish, to be confirmed. Applied to block retaining wall, to the right side of the garage,",Sub,m2,105.0,2
Renderer,"Acrylic Render Finishes. Tinted to colour and texture finish, to be confirmed. Applied to block retaining walls around lower level, back and entry side of the garage block wall, new garage bulk heads external only, front stair sides and front fence.",Sub,m2,2893.33,1
Renderer,Rendering allowance not required,Mat,Allowance,2268.0,1
Roof Framing,Allowance for crane hire to lift trusses onto top plates.,Mat,Allowance,360.25,2
Roof Framing,Ceiling Frame Labour,Lab,ea,70.2,1
Roof Framing,Labour to install box gutter and aircon duct.,Lab,Hour,72.19,1
Roof Framing,Labour to install timber roof truss system as per manufacturers specifications. Including fascia,Lab,Hour,61.84,1
Roof Framing,Supply fascia to match existing,Mat,lm,30.0,1
Roof Framing,Supply timber trusses as per manufacturers specifications.,Mat,m2,1821.21,1
Roofing,1 x Lowset & 6 x Highset Temporary Downpipes,Sub,Allowance,78.57,1
Roofing,4 x temporary downpipes,Sub,each,6.0,1
Roofing,Design for box gutter by hydraulic engineer,Sub,Allowance,1200.0,1
Roofing,Replace gutter on existing roof with new Colorbond 150 Quad gutter on spikes,Sub,m2,180.0,1
Roofing,"Replace guttering on two bay windows. Mini sized, 100mm quad gutter in Surfmist (Smaller version of the current house guttering)",MatLab,Allowance,77.3,1
Roofing,Standard Rain Heads x 2 installed from builders scaffolding,Sub,Allowance,969.45,1
Roofing,Supply & install .42 BMT colourbond & Clear (incl anticon/ fascia/ gutter/ barges/ battens/ flashing etc),Lab,m2,150.0,1
Roofing,Supply and Install 80mm Anticon LW Building Blanket (extension only),Sub,Allowance,2874.49,1
Roofing,Supply and install 4 new whirley birds,MatLab,Allowance,995.0,1
Roofing,Supply and install 60mm Anticon blanket (extension only),Sub,Allowance,1842.6,1
Roofing,"Supply and install Great Barrier Leaf System to all eaves gutters on upper level and mesh to box gutters, by sub contractor as per quote.",Sub,Allowance,2164.0,1
Roofing,"Supply and install. Colorbond Metal guttering, roof batten, safety batten, corrugated zincalume to match existing, Roll top ridge, valleys, flashings and barges, Bird wire installed  along guttering to new roof",Sub,Allowance,8725.89,1
Roofing,"Supply and install. Metal guttering, roof batten, safety batten, corrugated zincalume to match existing, Roll top ridge, valleys, flashings and barges, Bird wire installed  along guttering",Sub,Allowance,1137.78,1
SIDE AND REAR FENCES,BACK FENCE,Sub,ea,1681.54,2
SIDE AND REAR FENCES,"CONCRETE - RETAINING WALL UNDER FRONT STAIRS, SLEEPERS AND GRAVEL",Mat,ea,80.39,1
SIDE AND REAR FENCES,DRIVEWAY RETAINING WALL,Mat,ea,69.18,1
SIDE AND REAR FENCES,SIDE FENCE,Sub,ea,9184.37,2
SILICONE WORK AND CAULKING,CAULKING TO SKIRTING AND SHELVES,Sub,ea,35.36,1
SILICONE WORK AND CAULKING,PREP WORK FOR SILICONE,Lab,ea,45.0,1
SILICONE WORK AND CAULKING,SILICONE,Mat,ea,12.07,1
SILICONE WORK AND CAULKING,Supply and installed polyurethane to exterior.,Sub,ea,10.95,1
SILICONE WORK AND CAULKING,Supply and installed silicone to around of the perimeter,Sub,ea,4.95,1
SILICONE WORK AND CAULKING,Supply and installed silicone to interior.,Sub,ea,4.95,1
Security system,"OPTION 2 included, Additional Camera in Carport.",Sub,each,595.0,1
Security system,"OPTION 4 included, CCTV Viewing Monitor",Sub,each,356.0,1
Security system,"OPTION included, Keypad to open gate from street side.",Sub,each,773.65,1
Security system,SECURITY SYSTEM. Keypad to open gate from street side.,Sub,each,773.65,1
Security system,"Supply and install,  Aiphone Video Intercom System",Sub,Allowance,1500.0,1
Security system,"Supply and install, Dahua CCTV System",Sub,Allowance,1689.0,1
Silicone work on completion,Silicone caulking to finish floor to skirtings,Sub,lm,559.0,1
Site Cleaning and waste removal,Progressive site clean and skip bins for rubbish removal. All building refuse to be discarded from site,MatLab,Ea,108.06,2
Site Cleaning and waste removal,"Site Laborer, miscellaneous jobs on site, moving materials, unloading deliveries, progressive site cleaning",Lab,Ea,63.66,1
Site Cleaning and waste removal,Skip bins for rubbish removal during the project,Sub,Ea,725.08,1
Site Establishment,Domestic - Final Builders Clean - Dwelling up to 3 Stories,Lab,m2,7.7,1
Site Establishment,Floor / Wall Protection - Ram Board 1.15 x 960mm x 30.5m Pre-Tapped,Mat,30m2 Roll,100.0,1
Site Establishment,Scaffolding,Lab,Allowance,14000.0,1
Site Establishment,Setout Site Profiles (install & removal),Mat,each,375.0,1
Site Establishment,Site & Safety Sign,Mat,each,88.0,1
Site Establishment,Site Fencing - Erosion Silt Barrier Personalised - up to 30m (supply & install),Mat,each,666.6,1
Site Establishment,Site Fencing - Mesh Panels 1800 high - up to 35m (up to 6 months),Mat,each,615.6,1
Site Establishment,Site Toilet - Chemical Freshwater Flush (Cleaned Fortnightly),Mat,per month,220.0,1
Site Establishment,Site Toilet - Delivery & Pickup,Mat,each,150.0,1
Site Establishment,Site Toilet - Restock Fee,Mat,each,70.0,1
Site Establishment,Tempory Power Pole - Electricity & Tariff Fees,Mat,each,245.3,1
Site Establishment,Tempory Power Pole - Optional Connection,Mat,each,121.0,1
Site Establishment,Tempory Power Pole - Rental / week,Mat,week,50.0,1
Site Establishment,Tempory Power Pole - Supply/ Install/ Removal,Mat,each,249.15,1
Site Establishment,Truck - Waste Removal - Truck waste removal - per load - 11 tonne Bogie tipper truck - hard fill - per load,Lab,Load,1210.0,1
Site Preparation,"Back fill retaining walls, pool base, 20mm aggregate per tonne, delivered  based on full 10m load",Mat,tonne,471.72,2
Site Preparation,"Crusher Dust per tonne delivered, based on full 10m load.",Mat,tonne,240.0,2
Site Preparation,Demolition prepare for house raise and move,Lab,Hour,65.11,1
Site Preparation,"Dump fee's for clean bricks, pavers and concrete",Sub,m3,1009.89,2
Site Preparation,Dump fee's for clean fill,Mat,m3,164.55,2
Site Preparation,Labour to fill tank plinth with crusher dust,Mat,Hour,53.0,1
Site Preparation,Labour to spot and work with machine,Lab,Hour,2545.99,2
Site Preparation,"Machine, 4 ton combo/ posi combo",Sub,Hour,5578.12,2
Site Preparation,SITE SET OUT AND CONSUMABLES,MatLab,ea,67.94,1
Site Preparation,Stage two demolition,Mat,Hour,62.91,1
Site Preparation,"Truck hire to remove m3 fill and m3 concrete, bricks and pavers",Sub,Hour,1003.55,2
Site Preparation and Demolition,Concrete cutting saw hire,Mat,Allowance,212.85,1
Site Preparation and Demolition,Coordination for 3x site meetings and run through with workers from River City Trees. Coordination with plumbers to rip out tree stumps,Lab,Hour,90.0,1
Site Preparation and Demolition,"Crusher dust, backfill aggregate, agi pipe, geofab, coreflute including delivery",MatLab,Allowance,142.17,1
Site Preparation and Demolition,Cut along length of driveway for plumbing work and stormwater outlets to street.,Lab,Hour,75.0,1
Site Preparation and Demolition,Cut up existing driveway and lower bathroom for shower waste,Lab,Hour,48.53,1
Site Preparation and Demolition,Demolition as per demolition plans.,Lab,Hour,67.84,1
Site Preparation and Demolition,"Excavator/posi combo hire, tipper hire, dump fees, fuel allowance, attachments & extras to suit site condition requirements. PRICING TAKEN FROM COAST 2 COAST EARTHMOVING. account holders, Brisbane",Sub,Allowance,8418.46,2
Site Preparation and Demolition,Garage door removal and disposal,MatLab,Hour,75.0,1
Site Preparation and Demolition,"Labour to spot and work with machine. Labour for hand excavation, mucking out / cleaning out cave ins and loose material before concrete pours. Base labour rate $75 p/h excluding mark up and gst",Lab,Hour,2146.59,2
Site Preparation and Demolition,Lower level demolition,Lab,Hour,59.07,1
Site Preparation and Demolition,"Machine and man to clean up site, dispose of excess fill and rubble, truck hire and disposal fees",MatLab,Allowance,201.76,1
Site Preparation and Demolition,"Machine and man to excavate and remove existing posts and slabs, bore new footings, slab prep, driveway prep",MatLab,Allowance,202.96,1
Site Preparation and Demolition,Mattress removal,Sub,Allowance,75.0,1
Site Preparation and Demolition,Progressive site set out for new works.,Lab,Hour,69.05,1
Site Preparation and Demolition,Removal and disposal of front hedge and trees down sides of the house,Mat,Allowance,3000.0,1
Site Preparation and Demolition,Remove split AC system,Sub,Allowance,500.0,1
Site Preparation and Demolition,Stormwater silt barrier system,Mat,ea,6.71,1
Site Preparation and Demolition,Upper level demolition,Lab,Hour,60.72,1
Skylights,3 x Fixed skylight supply & fit,MatLab,Ea,351.4,1
Skylights,"Replace solar tube with NLP 400mm Tubelight. Includes dome, one-piece metal flashing, 1.5m flexible light shaft, architrave and diffuser.",Sub,Ea,850.0,1
Skylights,Supply and install. Keylite RWF 02 - 550 x 980mm supplied and installed. Includes custom one-piece metal flashing to suit Zincalume Custom Orb.,Sub,Ea,425.0,1
Sleeper Retaining Walls,Retaining Walls - Retaining Wall - complete concrete sleeper w/t steel H post - 1000mm high,Lab,Lm,489.03,1
Solar Power System,Deinstall / Remove: - 27 x Solar Panels - 27 x Enphase Micro Inverters - Solar Frame System - Tesla Powerwall and Backup Unit,Mat,Allowance,2850.0,1
Solar Power System,Reinstall - 27 x Solar Panels - 27 x Enphase Micro Inverters - Solar Frame System - New AC cabling to new roof locations - Install Tesla Powerwall and Backup Unit in new location - Test & Commission,Mat,Allowance,2200.0,1
Solar Power System,Solar system upgrade as per quote from RTN Electrical Services,Mat,Allowance,6272.0,1
Stairs - Internal,Allowance - Per Tread,Lab,each,435.6,1
Structural Steel,Bolts and fixings,Mat,ea,181.2,2
Structural Steel,"Bolts, fixings, consumables",Mat,Allowance,15.56,1
Structural Steel,Delivery,Mat,each,129.55,15
Structural Steel,Delivery for hot dipped galvanised steel,Mat,Allowance,85.0,1
Structural Steel,Hot dipped galvanised cross bracings,Mat,Ea,1071.32,1
Structural Steel,Labour to fit Steel,Lab,Hour,70.0,3
Structural Steel,SB 1 Primed,Mat,Ea,264.25,1
Structural Steel,SB! Galvanised,Mat,Ea,342.08,1
Structural Steel,SB2 Primed,Mat,Ea,1202.12,1
Structural Steel,Site welding,MatLab,Hour,180.0,3
Structural Steel,Steel columns,Mat,ea,694.67,1
Structural Steel,Steel columns SC1 Duragal 3.5m,Mat,Ea,7805.95,1
Structural Steel,Steel columns SC1 Duragal 6.8m,Mat,Ea,632.97,1
Structural Steel,Steel columns SC1 Hot dipped galvanised 3.5m,Mat,Ea,248.37,1
Structural Steel,Steel lifter hire,Mat,Allowance,442.7,1
Structural Steel,Supply structural steel components including manufacturing and delivery to site,Mat,Allowance,1696.68,1
Structural Steel,Tags for braces,Mat,Ea,25.0,1
Supply - Balustrades,Balustrade - Tenons - Rail Fixings,Mat,each,2.3,1
Supply - Balustrades,Balustrades - 68 X 19 Balustrade / Screening - Kwila,Mat,Lm,9.0,1
Supply - Balustrades,Batten screws - Screws - Batten - 14g x 75mm Z/P,Mat,100/Box,26.0,1
Supply - Balustrades,Bolts - Cupheads M12 (Galv.) - 150mm  (with Nut),Mat,each,2.88,1
Supply - Balustrades,Kwila / Merbau - Merbau/Kwila - dressed kd - per metre - 90mm x 45mm,Mat,Lm,25.21,2
Supply - Balustrades,Merbau/Kwila - dressed kd - per metre - 90mm x 45mm,Mat,Lm,25.21,1
Supply - Balustrades,Merbau/Kwila - dressed kd - per metre - 90mm x 90mm,Mat,Lm,52.81,1
Supply - Balustrades,Nails - Senco Finishing  50mm x 1.83mm,Mat,3000/Box,40.1,1
Supply - Balustrades,Screws - Batten - 14g x 75mm Galv.,Mat,each,1.8,1
Supply - Bracing & Tie Down,Cyclone Rod - M12  Couplers Nut  ZP,Mat,each,0.6,1
Supply - Bracing & Tie Down,Cyclone Rod - M12  Hex Nut ZP,Mat,each,0.9,1
Supply - Bracing & Tie Down,Cyclone Rod - M12 x 3600mm (Galv.),Mat,each,10.8,1
Supply - Bracing & Tie Down,Cyclone Rod - M12 x 50 x 50 x 3mm - Sq Washer,Mat,each,0.3,1
Supply - Bracing & Tie Down,Nails - 45 X 2.5 Coil Nail (0-DEG-Plastic) Flat Head Ring Shank Gal / Coil 300,Mat,each,14.03,1
Supply - Bracing & Tie Down,Plywood - Bracing - 3050 x 1200 x 4.0mm F27,Mat,sheet,49.31,1
Supply - Bracing & Tie Down,Plywood - Bracing - 3050 x 900  x 4.0mm F27,Mat,sheet,36.98,1
Supply - Bracing & Tie Down,Screws - Coach - Coach - M12 x 50mm  Galv.,Mat,each,4.94,1
Supply - Bracing & Tie Down,Strapping - 1.0mm x 30 x 50mtr,Mat,each,35.4,1
Supply - Bracing & Tie Down,Washers - Square - M12 50 x 50 x 3 (Galv.),Mat,each,0.4,1
Supply - Cladding - Weatherboards,175 X 25 X 6 CCA H3 Treated Hardwood Weatherboard,Mat,Lm,13.54,1
Supply - Cladding - Weatherboards,Nails - Bullethead 65 x 3.15mm Galv.,Mat,5kg,56.3,1
Supply - Cladding - Weatherboards,Sealers Sika-Flex Pro Multipurpose (Grey),Mat,310ml,15.3,1
Supply - Cladding - Weatherboards,Windows and Stops,Mat,Lm,4.92,1
Supply - Decking,Decking Areas,Mat,m2,44.2,1
Supply - Decking,Joist Protection - Protect-A-Deck PVC 50mm x 25m Roll,Mat,25m/Roll,21.5,1
Supply - Decking,Screws - Quick Drive - 10G X 60 Quikdrive Screws Winged (Decking To Hardwood) - Galvanised / PK1000,Mat,each,189.67,1
Supply - Decking,Spotted Gum - 86 x 19 P/Round Decking (Std & Better),Mat,Lm,10.62,1
Supply - External Fibre Cement Ceilings,HardieFlex FC - 6 x 900 x 3000,Mat,sheet,39.4,1
Supply - External Fibre Cement Ceilings,Nails - Fibre Cement  25 x 2.0mm Galv.,Mat,2kg,19.5,1
Supply - External Fibre Cement Ceilings,Nails - Paslode Impulse TrimMaster 38mm Galv. (Angled) B20738,Mat,2000/Box,40.2,1
Supply - External Fibre Cement Ceilings,Perimeter Cover Mould - Pine FJ Primed - 66 X 11 FJ Pine Treated H3 Pre-Primed - DAR - 31 X 11 FJ,Mat,Lm,3.94,1
Supply - External Fibre Cement Ceilings,Plastic PVC Joint Strip - 'H' 6 x 3000mm,Mat,each,3.8,1
Supply - Fixout & Fitoff,Architrave - Pine FJ - Splade/Bevel - 66 X 11 FJ Pine White-Primed - Bevel Splay,Mat,Lm,2.71,1
Supply - Fixout & Fitoff,Cavity Slider Unit - Cavity Slider Unit Evolution - 2040 X 720 X 90,Mat,each,200.1,1
Supply - Fixout & Fitoff,Clothes Line - Wall Mounted,Mat,each,185.6,1
Supply - Fixout & Fitoff,Colonial Doors to match existing,Mat,each,565.4,1
Supply - Fixout & Fitoff,Cupboard - Internal Doors - Corinthian - Readicote MDF  520 x 2040,Mat,each,53.54,1
Supply - Fixout & Fitoff,Cupboard - Internal Doors - Corinthian - Readicote MDF  620 x 2040,Mat,each,53.54,1
Supply - Fixout & Fitoff,Cupboard Door - Dummy Handles,Mat,each,27.5,1
Supply - Fixout & Fitoff,Cupboard Door Stops - Stops / Catches - Metal Double Roller - Zinc,Mat,each,5.1,1
Supply - Fixout & Fitoff,Door Jambs - Pine FJ - DAR - 112 X 18 FJ Pine White-Primed - DPR,Mat,Lm,6.04,1
Supply - Fixout & Fitoff,External Door,Mat,each,259.0,1
Supply - Fixout & Fitoff,External Door Stops - Stops - Stops / Catches - Prestige,Mat,each,33.0,1
Supply - Fixout & Fitoff,Framed/ Laundry or Garage Entry Door- Timber & Glass,Mat,each,3903.9,1
Supply - Fixout & Fitoff,Garage Door - Jambs - 140 x 31 x 5400mm Pine FJ H3 Primed,Mat,each,102.2,1
Supply - Fixout & Fitoff,Highlite or Breezeway,Mat,each,220.0,1
Supply - Fixout & Fitoff,Hinges - Quality,Mat,each,8.8,1
Supply - Fixout & Fitoff,Internal Doors - Corinthian - Readicote MDF  720 x 2040,Mat,each,53.54,1
Supply - Fixout & Fitoff,Internal Doors - Corinthian - Readicote MDF  820 x 2040,Mat,each,53.54,1
Supply - Fixout & Fitoff,Letter Box,Mat,each,188.7,1
Supply - Fixout & Fitoff,Locks - Passage Set - Lever - Average,Mat,each,48.4,1
Supply - Fixout & Fitoff,Locks - Sliding Door Set - Average - Privacy,Mat,each,48.4,1
Supply - Fixout & Fitoff,Nails - 38 X 16G C-Brad Angled - Paslode Impulse With Gas / 2000,Mat,each,66.69,1
Supply - Fixout & Fitoff,Pine FJ - DAR - 31 X 18 FJ Pine White-Primed - DAR,Mat,Lm,2.48,1
Supply - Fixout & Fitoff,Skirting - Pine FJ - Splade/Bevel - 92 X 11 FJ Pine White-Primed - Bevel Splay,Mat,Lm,3.92,1
Supply - Fixout & Fitoff,Stops / Catches - Average,Mat,each,5.5,1
Supply - Floor Sheets,Coverage Area - Particle Board - Sheet - install particleboard/ply- up to 25mm thick,Mat,m2,11.98,1
Supply - Floor Sheets,Coverage Area - Scyon Secura - Sheet - install FC - up to 24mm thick,Mat,m2,21.39,1
Supply - Floor Sheets,Coverage Area - Scyon Wet Area FC - Sheet - install FC - up to 24mm thick,Mat,m2,21.39,1
Supply - Floor Sheets,Floor Sheet Sealer  -  4 Litres - Paint - Deck Sealer - Cabot's Bar DK,Mat,4 Litre,44.3,1
Supply - Floor Sheets,Glues - Maxbond - Trade Adhesive 320g,Mat,320g,5.76,1
Supply - Floor Sheets,Nails - Senco Framing 75 x 3.06mm Points,Mat,2000/Box,74.8,1
Supply - Floor Sheets,Paint Roller,Mat,each,11.0,1
Supply - Floor Sheets,Particle Board - 19 x 900 x 3600mm  Ylw Tng T2,Mat,sheet,46.0,1
Supply - Floor Sheets,Screws - Chipboard - Timberfix (Csunk-Phil) Zinc - 8g x 50mm,Mat,500/Box,41.6,1
Supply - Floor Sheets,Scyon Secura - - Scyon Secura - 19 x 600 x 2700 (Interior),Mat,sheet,113.3,1
Supply - Floor Sheets,Scyon Secura - 19 x 600 x 2700 (Exterior),Mat,sheet,142.8,1
Supply - Flooring - Timber,Supply - Flooring -  engineered floating flooring - quality - 1 strip,Mat,m2,125.0,1
Supply - Stairs - External,Additional RHS - Steel Stringers - horizontal,Mat,Pair,348.88,1
Supply - Stairs - External,Merbau/Kwila - dressed kd - per metre - 90mm x 19mm,Mat,Lm,6.92,1
Supply - Stairs - External,Stairs (1) - Flight 1 - Steel Stringers - Hot Dip Galv - Standard - 5 Treads,Mat,Pair,294.0,1
Supply - Stairs - External,Stairs (1) - Flight 2 - Steel Stringers - Hot Dip Galv - Standard - 6 Treads,Mat,Pair,348.88,1
Supply - Stairs - External,Stairs (2) - Flight 1 - Steel Stringers - Hot Dip Galv - Standard - 2 Treads,Mat,Pair,181.3,1
Supply - Stairs - External,Treads - Hwd F14 Sawn - Hardwood - sawn F14 - per metre - 250mm x 75mm,Mat,Lm,87.8,2
Supply - Stairs - External,Treated - Hwd F14 Sawn - Hardwood - sawn F14 - per metre - 150mm x 50mm,Mat,Lm,24.97,1
Supply - Steel - Posts & Beams,Bolts - Cupheads M12 (Galv.) - 260mm  (with Nut),Mat,each,4.88,1
Supply - Steel - Posts & Beams,Cross Braces - with Adjustable Turnbuckles Galv.  (up to 6m),Mat,each,320.0,1
Supply - Steel - Posts & Beams,Delivery - Steel Fabrication,Mat,each,180.0,1
Supply - Steel - Posts & Beams,Post SHS 75 x 75 x 4 (HD Galv.) with Base/Top - 3000mm,Mat,each,218.19,1
Supply - Steel - Posts & Beams,Welding - Onsite - half day minimum charge,Lab,hr,176.0,1
Supply - Timber Floor Frames,Allowance,Mat,m2,88.0,2
Supply - Timber Floor Frames,DB1 - Smart LVL 13 - 200 X 45 LVL E13 - Treated H3 LOSP,Mat,Lm,52.84,1
Supply - Timber Floor Frames,DJ1 - Supply - F17 Hardwood -  190mm x 45mm,Mat,Lm,31.54,1
Supply - Timber Floor Frames,Delivery - Timber & Hardware,Mat,each,132.0,5
Supply - Timber Floor Frames,FB1 - Smart LVL 13 - 200 X 63 LVL E13 - Treated H2S,Mat,Lm,60.59,1
Supply - Timber Floor Frames,FJ1,Mat,m2,27.5,1
Supply - Timber Floor Frames,FJ1 - Supply - Smart Frame - I-Joist - 240 x 40 T2,Mat,Lm,31.26,1
Supply - Timber Floor Frames,Hardware Allowance,Mat,m2,9.9,1
Supply - Timber Frames,Framing - Pine MGP12 - 90 x 35 T2,Mat,Lm,6.51,1
Supply - Timber Frames,Hardware & Deliveries,Mat,%,0.03,2
Supply - Timber Frames,Install - Wall Frame (Stick) > 1200mm High,Mat,Lm,30.8,1
Supply - Timber Frames,L1 - Smart LVL 13 - 90 X 45 LVL E13 - Treated H2S,Mat,Lm,19.06,1
Supply - Timber Frames,L2 - Smart LVL 13 - 170 X 45 LVL E13 - Treated H2S,Mat,Lm,36.07,1
Supply - Timber Frames,L3 - Smart LVL 13 - 200 X 45 LVL E13 - Treated H2S,Mat,Lm,42.43,1
Supply - Timber Frames,L4 - Smart LVL 13 - 200 X 63 LVL E13 - Treated H2S,Mat,Lm,60.59,1
Supply - Timber Frames,Pine MGP10 - 70 x 35 T2,Mat,Lm,3.9,1
Supply - Timber Frames,Plywood - Structural - CD 12 x 1200 x 2400mm,Mat,sheet,43.0,1
Supply - Timber Frames,Sarking Clips - Sisalation - Foil Fasteners 23 x 23mm,Mat,500/Box,20.0,1
Supply - Timber Frames,Sarking to Walls,Mat,m2,3.3,1
Supply - Timber Frames,Sisalation - 1350mm x 60mtr Breather = 80m2,Mat,Roll,207.2,1
Supply - Timber Posts,Bolts - Cupheads M12 (Galv.) - 220mm  (with Nut),Mat,each,4.0,1
Supply - Timber Posts,Post Supports - T Blade 10 x 200 x 200mm (M12 Holes) HD Galv.,Mat,each,132.1,1
Supply - Timber Posts,Timber Posts - Merbau/Kwila - dressed kd - per metre - 190mm x 190mm,Mat,Lm,333.92,1
Supply - Timber Roof Frames & Trusses,Deck Beam - F27KD - 190mm x 45mm,Mat,Lm,57.55,1
Supply - Timber Roof Frames & Trusses,Pine MGP12 - 70 x 35 T2,Mat,Lm,2.7,1
Supply - Timber Roof Frames & Trusses,Tie down/ straps/ transfer blocks etc,Mat,m2,8.8,1
Supply - Timber Roof Frames & Trusses,Trusses - MGP10 blue - up to - 25 degree pitch,Mat,m2,123.02,1
Supply - Timber Roof Frames & Trusses,Unscheduled Roof Members to alter existing pitches,Mat,Lm,39.4,1
Supply - Window & Door - Top Flashings,Flashing -  75 x 38 Z flashing (Galv.)  16mm Roll,Mat,Lm,14.49,1
Supply - Window & Door - Top Flashings,Sealant - Sika-Flex Pro Multipurpose (Grey) - Sausage,Mat,600ml,20.9,1
Supply - Windows & Doors - Aluminium,Aluminium Double Hung Window - Double Hung Windows (Magnum or similar),Mat,m2,831.6,1
Supply - Windows & Doors - Aluminium,Aluminium Sliding Window - Sliding Windows (Magnum or similar),Mat,m2,484.05,1
Supply - Windows & Doors - Aluminium,Aluminium Stacker Door - Sliding Stacker Doors (Magnum or similar),Mat,m2,701.8,1
Temporary Services,Site toilet fortnightly pump out and clean,Eq,Ea,198.89,3
Temporary Services,Site toilet hire drop and pick up,Eq,Week,132.0,3
Termite Protection,Supply & Install,Lab,Lm,38.5,1
Termite Protection,Supply & Install - Slab Penetrations up to 12,Lab,each,182.4,1
Termite Protection,Supply & Install - Steel Post Penetrations up to 10,Lab,each,359.04,1
Termite Protection,Termite barrier protection system,Sub,m2,264.63,2
Termite Protection,Termite barrier protection system installed to new cold joints and penetrations. Termimesh System as specified,Sub,Allowance,540.43,1
Tiling,"Aluminium angles, surface grinding, wall skimming allowance",MatLab,Ea,1844.5,1
Tiling,BBQ - Tiles Supply - Walls ($65),Mat,m2,65.0,1
Tiling,Bathroom 1  - Tiles Supply - Floors ($65),Mat,m2,65.0,1
Tiling,Bathroom 1 - Tiles Supply - Walls ($65),Mat,m2,65.0,1
Tiling,Delivery of tiles to site,Sub,each,106.0,2
Tiling,Ensuite 1 - Tiles Supply - Floors ($65),Mat,m2,65.0,1
Tiling,Ensuite 1 - Tiles Supply - Walls ($65),Mat,m2,65.0,1
Tiling,Exterior 1 - Tiles Supply - Floors ($65),Mat,m2,65.0,1
Tiling,Exterior 2 - Tiles Supply - Floors ($65),Mat,m2,65.0,1
Tiling,Floor tile lay rate increase due to 600 x 1200mm tile,Sub,m2,35.0,1
Tiling,Floor wastes,Mat,Ea,404.0,2
Tiling,Kitchen - Tiles Supply - Walls ($65),Mat,m2,65.0,1
Tiling,"LOWER LEVEL. Labour to lay tiles,  floor,",Lab,m2,1181.0,1
Tiling,"LOWER LEVEL. Labour to lay tiles, walls",Lab,m2,2964.0,1
Tiling,LOWER LEVEL. PC Allowance for Floor Tiles.,Mat,m2,97.29,1
Tiling,"LOWER LEVEL. PC Allowance for wall tiles. BATHROOM. 2000mm High in the shower, 1200mm high for the remaining walls",Mat,m2,27.24,1
Tiling,LOWER LEVEL. PC Allowance for wall tiles. LAUNDRY / BAR SPLASHBACK Approximately 600mm high,Mat,m2,49.4,1
Tiling,LOWER. Tile bed. Cement screed to floor wastes,Mat,m2,728.0,1
Tiling,"Labour to lay Tiles, Ground floor, Bathroom",Lab,Ea,6943.0,1
Tiling,"Labour to lay Tiles, Ground floor, Laundry",Lab,Ea,1357.0,1
Tiling,"Labour to lay Tiles, Ground floor, Rumpus, Bed 4 MPR",Lab,m2,110.0,1
Tiling,Labour to tile front porch and stairs,Lab,Ea,4420.0,1
Tiling,Labour to tile rear deck,Lab,Ea,3717.0,1
Tiling,Laundry - Tiles Supply - Walls ($65),Mat,m2,65.0,1
Tiling,Lay Rate - Floor Bedding (minimum charge per floor/ supply & install),Lab,each,330.0,1
Tiling,Lay Rate - Floor Bedding (supply & install per m2) + (minimum charge),Lab,m2,38.5,1
Tiling,Lay Rate - Floors - Quality - Bathroom 1,Lab,m2,122.11,1
Tiling,Lay Rate - Floors - Quality - Ensuite 1,Lab,m2,122.11,1
Tiling,Lay Rate - Floors - Quality - Exterior 1,Lab,m2,122.11,1
Tiling,Lay Rate - Floors - Quality - Exterior 2,Lab,m2,122.11,1
Tiling,Lay Rate - Walls - Quality - BBQ,Lab,m2,134.45,1
Tiling,Lay Rate - Walls - Quality - Bathroom 1,Lab,m2,134.45,1
Tiling,Lay Rate - Walls - Quality - Ensuite 1,Lab,m2,134.45,1
Tiling,Lay Rate - Walls - Quality - Kitchen,Lab,m2,134.45,1
Tiling,Lay Rate - Walls - Quality - Laundry,Lab,m2,134.45,1
Tiling,"Mitred external corners, surface grinding, wall skimming allowance",MatLab,Ea,539.0,1
Tiling,Niches and ledges tiler labour,Mat,Allowance,800.0,1
Tiling,PC Allowance for Floor Tiles. French lay Classic Linen Travertine external tile.,Mat,m2,1922.69,1
Tiling,PC Allowance for Floor Tiles. Travertino Ivory Matt Tile 450x900 Product no.: COR451901 Brick Bond - to main bathroom,Mat,m2,3987.4,1
Tiling,PC Allowance for Tiles. Actual including delivery,Mat,Allowance,18667.05,1
Tiling,PC Allowance for Tiles. Estimated including delivery,Mat,Allowance,20760.24,1
Tiling,PC Allowance for Wall Tiles bathroom. FEATURE WALL FLOOR TO CEILING. Antique White - 45 x 230 laid Herringbone,Mat,m2,127.66,1
Tiling,PC Allowance for Wall Tiles bathroom. FLOOR TO CEILING. Travertino Ivory Matt Tile 450x900,Mat,m2,122.41,1
Tiling,"PC Allowance for Wall Tiles laundry splash back. White Darth Soho Bianco Matte, Laid subway",Mat,m2,125.91,1
Tiling,"PC Allowance for floor tiles, including waste allowance",Mat,m2,100.0,10
Tiling,"PC Allowance for floor tiles. Entrance and Courtyard, including waste allowance",Mat,m2,850.0,2
Tiling,"PC Allowance for splashback tiles, including waste allowance",Mat,m2,426.0,2
Tiling,"PC Allowance for wall tiles, including waste allowance",Mat,m2,50.0,8
Tiling,PC Allowance. Delivery of tiles,Mat,Allowance,300.0,2
Tiling,PC Allowance. Floor wastes,Mat,Allowance,75.0,5
Tiling,SPLASHBACK REPAIR,Mat,ea,300.0,1
Tiling,SPLASHBACK VARIATION,Mat,ea,1725.0,1
Tiling,Sealing of stone tiles to Entry and Courtyard,Sub,m2,30.0,1
Tiling,Silicon Corking Per Room  (supply & apply),Lab,each,110.0,1
Tiling,Silicone work,Sub,lm,107.54,3
Tiling,Tile full wall in laundry above the bench instead of only splashback Tile included in PC items,Lab,Allowance,200.0,1
Tiling,Tile slab edge of tiled path,Sub,each,694.0,1
Tiling,Tiles Supply - Delivery,Mat,each,110.0,1
Tiling,Tiling labour. Ground floor Courtyard.,Lab,m2,280.0,1
Tiling,Tiling labour. Ground floor Entry.,Lab,m2,280.0,1
Tiling,Tiling labour. Ground floor bathroom. Floor tiling,Sub,m2,10285.0,1
Tiling,"Tiling labour. Ground floor bathroom. Mitered external corners, surface grinding, wall skimming allowance, loading, unloading",Sub,Allowance,880.0,1
Tiling,Tiling labour. Ground floor bathroom. Silicone work,Sub,lm,12.0,1
Tiling,Tiling labour. Ground floor bathroom. Wall tiling,Sub,m2,5000.0,1
Tiling,Tiling labour. Ground floor bathroom. bedding,Sub,m2,616.0,1
Tiling,Tiling labour. Upper bathroom. Floor tiling,Lab,m2,130.0,1
Tiling,"Tiling labour. Upper bathroom. Mitered external corners, surface grinding, wall skimming allowance, loading, unloading",Lab,Allowance,680.0,1
Tiling,Tiling labour. Upper bathroom. Silicone work,Lab,lm,12.0,1
Tiling,Tiling labour. Upper bathroom. Wall tiling,Lab,m2,4200.0,1
Tiling,Tiling labour. Upper floor Ensuite 1. Floor tiling,Lab,m2,130.0,1
Tiling,"Tiling labour. Upper floor Ensuite 1. Mitered external corners, surface grinding, wall skimming allowance, loading, unloading",Lab,Allowance,680.0,1
Tiling,Tiling labour. Upper floor Ensuite 1. Silicone work,Lab,lm,12.0,1
Tiling,Tiling labour. Upper floor Ensuite 1. Wall tiling,Lab,m2,130.0,1
Tiling,Tiling labour. Upper floor Ensuite 1. bedding,Lab,m2,624.0,1
Tiling,Tiling labour. Upper floor Ensuite 2. Floor tiling,Lab,m2,130.0,1
Tiling,"Tiling labour. Upper floor Ensuite 2. Mitered external corners, surface grinding, wall skimming allowance, loading, unloading",Lab,Allowance,680.0,1
Tiling,Tiling labour. Upper floor Ensuite 2. Silicone work,Lab,lm,12.0,1
Tiling,Tiling labour. Upper floor Ensuite 2. Wall tiling,Lab,m2,130.0,1
Tiling,Tiling labour. Upper floor Ensuite 2. bedding,Lab,m2,311.0,1
Tiling,Tiling labour. Upper floor Powder Room. Floor tiling,Sub,m2,130.0,1
Tiling,Tiling labour. Upper floor Powder Room. Silicone work,Sub,lm,12.0,1
Tiling,Tiling labour. Upper floor Powder Room. Splashback,Sub,m2,1065.0,1
Tiling,Tiling labour. Upper floor Powder Room. bedding,Sub,m2,288.0,1
Tiling,Tiling labour. Upper floor bathroom. bedding,Lab,m2,1032.0,1
Tiling,Tiling labour. Upper floor kitchen. Silicone work,Sub,lm,12.0,1
Tiling,Tiling labour. Upper floor kitchen. Splashback,Sub,Allowance,1200.0,1
Tiling,"UPPER LEVEL. Labour to lay tiles, floor,",Mat,m2,1329.0,1
Tiling,"UPPER LEVEL. Labour to lay tiles, walls",Mat,m2,4739.0,1
Tiling,UPPER LEVEL. PC Allowance for Floor Tiles.,Mat,m2,118.24,1
Tiling,"UPPER LEVEL. PC Allowance for wall tiles. BATHROOM / ENSUITE. 2000mm High in the shower, 1200mm high for the remaining walls",Mat,m2,27.23,1
Tiling,UPPER. Tile bed. Cement screed to floor wastes,Mat,m2,1120.0,1
Tiling,Upgrade grout to Mapei Ultracolor Plus in all tiled areas.,Sub,Allowance,900.0,1
UPPER BATHROOM RENOVATION,Bedding floor,Mat,Allowance,444.0,1
UPPER BATHROOM RENOVATION,Carpentry fit off,Mat,Allowance,65.0,1
UPPER BATHROOM RENOVATION,Carpentry materials,Mat,Allowance,1330.0,1
UPPER BATHROOM RENOVATION,"Carpentry, labour and materials including drop down floor",Mat,Allowance,65.0,1
UPPER BATHROOM RENOVATION,Clear Shield glass protection.,Mat,Ea,174.55,1
UPPER BATHROOM RENOVATION,Demolition of existing,Mat,Allowance,65.0,1
UPPER BATHROOM RENOVATION,External corners,Mat,Allowance,126.0,1
UPPER BATHROOM RENOVATION,Floor tiling,Mat,Allowance,508.0,1
UPPER BATHROOM RENOVATION,Floor waste and strip waste,Mat,Allowance,535.0,1
UPPER BATHROOM RENOVATION,Frameless shower panel using 10mm clear toughened glass and polished chrome fittings. 1 @ 2100 x 1200 approx.,Mat,Ea,1254.55,1
UPPER BATHROOM RENOVATION,Insulation,Mat,Allowance,135.0,1
UPPER BATHROOM RENOVATION,"Plumbing. stack work, water, fit off",MatLab,Allowance,1558.5,1
UPPER BATHROOM RENOVATION,Preliminaries and co ordination,Mat,Allowance,520.0,1
UPPER BATHROOM RENOVATION,Silicone work,Mat,Allowance,216.0,1
UPPER BATHROOM RENOVATION,Skip bin,Mat,Allowance,703.8,1
UPPER BATHROOM RENOVATION,Tiles and delivery. Enzo Sand Lappato Tile 300x600,Mat,Allowance,1233.82,1
UPPER BATHROOM RENOVATION,Wall tiling,Mat,Allowance,2200.0,1
UPPER BATHROOM RENOVATION,Waterproofing,Lab,Allowance,696.0,1
Water Proofing,Supply & Apply - Waterproofing - complete wet area bathroom - large (8m2),Lab,each,1760.0,1
Water Proofing,Supply & Apply - Waterproofing - external fibreglass / polyurethane - balcony / verandah,Lab,m2,86.36,1
Waterproofing,"LOWER LEVEL, Supply and install waterproof membrane to Bathrooms",Sub,m2,1512.0,1
Waterproofing,Labour to Install Wedi,Lab,ea,64.55,1
Waterproofing,Supply and Install Waterproofing to Bathroom,MatLab,ea,446.64,1
Waterproofing,"Supply and install waterproof membrane to Lower bathroom, Upper bathroom, Upper powder room, Ensuite 1, Ensuite 2, testing to all new work",Sub,Allowance,524.62,1
Waterproofing,Supply and install waterproof membrane to Shower / bath / laundry,Sub,m2,80.0,1
Waterproofing,Supply and install waterproof membrane to upper deck,Sub,ea,67.96,1
Waterproofing,Supply and install waterproofing membrane to block retaining wall,Sub,m2,1337.43,1
Waterproofing,Supply and install waterproofing membrane to block retaining walls,Sub,m2,50.06,1
Waterproofing,"UPPER LEVEL, Supply and install waterproof membrane to Bathrooms",Sub,m2,2432.0,1
Waterproofing,WATERPROOF RETAINING WALL,Mat,ea,67.91,1
Windows,Supply and fit fly screens,Sub,Allowance,13052.73,1
Windows,Supply and install commercial grade aluminium windows and doors.,Mat,Allowance,65.0,1
Windows,Supply and install retractable fly screens for the existing windows,Mat,Allowance,4367.88,1
Windows,"Supply, standard colour, aluminium windows and doors. Excluding the entry door and side lights.",Mat,Allowance,23478.63,2
Windows and Doors,Build and deliver internal doors from Finlayson's.,Sub,Allowance,4459.05,2
Windows and Doors,Fly Screen Installation,Lab,ea,75.0,1
Windows and Doors,Line item to allow for software accuracy,Mat,Allowance,1.0,4
Windows and Doors,"SUPPLIER TO BE SELECTED BY CLIENTS. Allowance for external timber window and door hardware, Centor screens to D6&7, pre priming with oil primer by supplier. Based on estimate from ALLKIND.",Sub,Allowance,20357.45,2
Windows and Doors,SUPPLIER TO BE SELECTED BY CLIENTS. Build and deliver external timber windows and doors. Allowance based on estimate from ALLKIND.,Sub,Allowance,18998.54,2
Windows and Doors,Security Gate Door 21 Supply and Install. Provisional Sum Allowance,Sub,Allowance,1125.91,1
Windows and Doors,Security Gate Door 21 Supply and Install. Provisional Sum Allowance,MatLab,Allowance,822.15,1
Windows and Doors,"Supply, standard colour, aluminium windows and doors. As per Dowell quote",Mat,Allowance,29660.0,1
finishing work,Awnings for rear garage door & Tesla battery,MatLab,Allowance,72.79,1
finishing work,Clothesline install and assembly,MatLab,Allowance,75.0,1
finishing work,"Garage door weatherstrip, supply and install",MatLab,Allowance,49.41,1
finishing work,Garage window awning modification as per Andrew’s specification. PVC end cap painted,MatLab,Allowance,5.64,1
finishing work,Labour for window repair,Lab,ea,74.0,1
finishing work,Materials for window repair,Mat,ea,77.68,1
finishing work,Misc Defect Materials,Mat,ea,939.44,1
finishing work,Misc Defect Work,Lab,ea,73.31,1
finishing work,Sunroom flyscreens,MatLab,Allowance,233.26,1
finishing work,Talostone - Calcutta Luxe Matte replacement tile,Mat,ea,300.0,1
finishing work,To relocate existing glass pool fence,MatLab,Allowance,91.1,1
